Time, Left_sensor,Light_sensor, Right_sensor, Triple_light, Left_motor_speed, Right_motor_speed, Left_motor_angle, Right_motor_angle
0, 0.02, 23, 64, 23, 0, 0, 0, 0, 0
1, 0.08, 24, 64, 23, 0, 32, 3, 2, 2
2, 0.14, 24, 67, 23, 0, 168, 165, 12, 10
3, 0.22, 23, 60, 23, 0, 103, 147, 21, 22
4, 0.27, 23, 61, 23, 0, 151, 132, 28, 29
5, 0.34, 22, 67, 23, 0, 0, 213, 32, 42
6, 0.4, 23, 64, 23, 0, 31, 210, 35, 53
7, 0.45, 25, 56, 23, 0, 143, 194, 40, 62
8, 0.51, 25, 56, 23, 0, 66, 228, 41, 74
9, 0.5600000000000001, 26, 47, 24, 0, 175, 124, 47, 82
10, 0.61, 30, 43, 27, 0, 290, 46, 61, 83
11, 0.6600000000000001, 34, 42, 34, 0, 315, -32, 78, 81
12, 0.73, 39, 44, 36, 0, 264, 0, 98, 80
13, 0.7800000000000001, 41, 60, 28, 0, 201, 67, 110, 82
14, 0.84, 41, 61, 24, 0, 321, -95, 128, 77
15, 0.9200000000000001, 40, 82, 24, 0, 455, -166, 155, 68
16, 0.9699999999999999, 35, 100, 28, 0, 523, -265, 181, 56
17, 1.01, 16, 100, 23, 0, 541, -280, 208, 41
18, 1.06, 5, 100, 33, 0, 452, -168, 229, 33
19, 1.11, 5, 100, 32, 0, 285, -69, 244, 31
20, 1.16, 7, 100, 33, 0, 233, -44, 253, 31
21, 1.19, 9, 100, 33, 0, 208, 26, 262, 32
22, 1.24, 19, 100, 33, 0, 147, 99, 268, 37
23, 1.28, 23, 100, 33, 0, 91, 197, 271, 46
24, 1.32, 30, 100, 34, 0, 38, 208, 272, 53
25, 1.37, 29, 100, 35, 0, 157, 98, 279, 59
26, 1.41, 29, 100, 37, 0, 217, 53, 288, 62
27, 1.46, 25, 100, 38, 0, 97, 189, 294, 70
28, 1.52, 19, 100, 38, 0, -8, 290, 292, 86
29, 1.56, 14, 100, 39, 0, -91, 336, 289, 100
30, 1.6, 10, 100, 40, 0, -57, 405, 287, 116
31, 1.64, 9, 100, 41, 0, -164, 487, 278, 136
32, 1.68, 9, 85, 39, 0, -332, 557, 266, 158
33, 1.73, 9, 49, 34, 0, -362, 629, 248, 188
34, 1.78, 8, 36, 1, 0, -366, 651, 227, 225
35, 1.82, 8, 28, 0, 0, -362, 628, 214, 248
36, 1.86, 8, 27, 6, 0, -263, 538, 202, 272
37, 1.91, 8, 27, 5, 0, -199, 461, 193, 292
38, 1.95, 8, 27, 5, 0, -306, 524, 180, 314
39, 1.99, 9, 26, 5, 0, -279, 549, 170, 334
40, 2.03, 10, 27, 6, 0, -138, 425, 164, 353
41, 2.08, 14, 26, 7, 0, -67, 269, 161, 369
42, 2.13, 16, 27, 7, 0, -59, 208, 160, 379
43, 2.17, 15, 27, 7, 0, 91, 177, 164, 387
44, 2.21, 13, 29, 7, 0, 128, 121, 170, 392
45, 2.26, 11, 31, 8, 0, 138, 92, 176, 396
46, 2.3, 9, 32, 8, 0, 98, 223, 178, 407
47, 2.35, 9, 33, 8, 0, -33, 308, 176, 420
48, 2.39, 8, 34, 7, 0, -117, 304, 172, 434
49, 2.44, 8, 34, 8, 0, 30, 266, 176, 446
50, 2.48, 8, 32, 8, 0, 91, 211, 179, 454
51, 2.54, 8, 31, 8, 0, 16, 201, 179, 466
52, 2.58, 7, 31, 7, 0, 5, 242, 180, 476
53, 2.62, 7, 31, 8, 0, 4, 227, 180, 485
54, 2.67, 7, 29, 7, 0, 128, 165, 186, 492
55, 2.71, 7, 27, 8, 0, 134, 125, 193, 498
56, 2.76, 7, 26, 8, 0, 89, 93, 196, 502
57, 2.8, 6, 24, 8, 0, 85, 184, 200, 509
58, 2.84, 7, 24, 8, 0, 44, 247, 202, 521
59, 2.89, 6, 23, 7, 0, 89, 181, 206, 529
60, 2.93, 6, 22, 7, 0, 121, 144, 211, 536
61, 2.97, 7, 22, 7, 0, 72, 149, 214, 542
62, 3.01, 6, 22, 7, 0, 60, 192, 217, 549
63, 3.06, 6, 22, 7, 0, 47, 236, 218, 559
64, 3.1, 6, 20, 7, 0, 38, 230, 220, 569
65, 3.14, 6, 20, 7, 0, 72, 218, 223, 578
66, 3.18, 6, 20, 7, 0, 64, 226, 224, 588
67, 3.22, 6, 20, 7, 0, 22, 245, 224, 596
68, 3.26, 6, 19, 7, 0, 14, 194, 226, 604
69, 3.3, 6, 19, 7, 0, 65, 160, 228, 610
70, 3.33, 5, 18, 7, 0, 54, 182, 229, 616
71, 3.37, 6, 18, 7, 0, 36, 242, 231, 626
72, 3.41, 6, 19, 7, 0, 74, 271, 234, 636
73, 3.45, 6, 16, 7, 0, 61, 207, 236, 646
74, 3.49, 5, 14, 6, 0, 64, 219, 239, 656
75, 3.54, 5, 12, 6, 0, 47, 261, 240, 666
76, 3.58, 4, 12, 5, 0, 0, 277, 239, 676
77, 3.62, 4, 11, 5, 0, 20, 216, 241, 685
78, 3.67, 3, 13, 4, 0, 76, 169, 244, 694
79, 3.71, 4, 16, 4, 0, 55, 211, 246, 702
80, 3.75, 5, 20, 3, 0, 48, 221, 249, 710
81, 3.78, 6, 31, 3, 0, 145, 141, 254, 716
82, 3.83, 4, 44, 2, 0, 232, 90, 264, 716
83, 3.87, 3, 57, 2, 0, 237, 0, 274, 716
84, 3.9, 3, 61, 2, 0, 166, 93, 281, 720
85, 3.96, 2, 54, 3, 0, 96, 198, 286, 730
86, 4.01, 3, 52, 6, 0, 78, 204, 289, 739
87, 4.04, 5, 51, 9, 0, 0, 272, 288, 749
88, 4.09, 6, 48, 11, 0, -82, 356, 284, 762
89, 4.12, 6, 51, 9, 0, -133, 409, 279, 778
90, 4.16, 7, 52, 9, 0, -60, 356, 277, 794
91, 4.21, 8, 47, 10, 0, -45, 250, 277, 804
92, 4.24, 9, 49, 10, 0, -16, 205, 277, 812
93, 4.28, 10, 52, 10, 0, -5, 234, 277, 820
94, 4.32, 11, 52, 10, 0, 33, 193, 279, 828
95, 4.36, 11, 57, 10, 0, 169, 131, 286, 834
96, 4.4, 11, 58, 10, 0, 136, 115, 291, 838
97, 4.44, 12, 63, 11, 0, 105, 123, 296, 843
98, 4.48, 13, 68, 11, 0, 116, 149, 300, 849
99, 4.52, 13, 76, 12, 0, 97, 169, 304, 856
100, 4.56, 15, 85, 13, 0, 97, 125, 309, 861
101, 4.6, 15, 85, 14, 0, 153, 96, 314, 865
102, 4.64, 16, 80, 16, 0, 133, 145, 322, 872
103, 4.69, 18, 53, 18, 0, 95, 152, 326, 878
104, 4.74, 20, 41, 20, 0, 160, 111, 334, 884
105, 4.78, 22, 40, 22, 0, 131, 101, 338, 888
106, 4.82, 24, 42, 22, 0, 82, 185, 341, 894
107, 4.86, 24, 43, 22, 0, 76, 213, 344, 903
108, 4.9, 24, 44, 22, 0, 129, 144, 349, 909
109, 4.94, 24, 47, 22, 0, 85, 165, 352, 915
110, 4.97, 24, 50, 22, 0, 87, 148, 356, 920
111, 5.01, 24, 53, 22, 0, 198, 99, 365, 924
112, 5.06, 24, 54, 22, 0, 177, 76, 374, 928
113, 5.12, 24, 51, 22, 0, 140, 91, 382, 933
114, 5.16, 24, 50, 22, 0, 175, 82, 389, 936
115, 5.2, 24, 50, 22, 0, 168, 91, 396, 940
116, 5.24, 24, 48, 22, 0, 178, 98, 403, 944
117, 5.28, 24, 47, 22, 0, 180, 97, 410, 948
118, 5.33, 24, 47, 22, 0, 157, 77, 418, 952
119, 5.37, 24, 44, 23, 0, 181, 92, 425, 955
120, 5.41, 24, 42, 23, 0, 171, 95, 432, 960
121, 5.46, 24, 39, 23, 0, 167, 87, 440, 963
122, 5.5, 24, 36, 23, 0, 150, 113, 446, 968
123, 5.54, 24, 36, 23, 0, 93, 155, 450, 974
124, 5.57, 24, 35, 23, 0, 112, 144, 454, 980
125, 5.61, 24, 35, 23, 0, 161, 109, 461, 984
126, 5.65, 24, 35, 23, 0, 139, 118, 466, 989
127, 5.69, 24, 34, 23, 0, 107, 153, 470, 994
128, 5.72, 24, 36, 23, 0, 133, 141, 474, 999
129, 5.77, 24, 38, 23, 0, 136, 113, 480, 1004
130, 5.82, 24, 37, 23, 0, 127, 142, 486, 1010
131, 5.85, 23, 36, 23, 0, 128, 137, 492, 1016
132, 5.89, 24, 36, 23, 0, 110, 128, 495, 1022
133, 5.93, 24, 39, 23, 0, 75, 186, 499, 1029
134, 5.98, 24, 40, 23, 0, 125, 141, 504, 1034
135, 6.01, 24, 42, 23, 0, 144, 121, 510, 1040
136, 6.06, 24, 43, 23, 0, 92, 169, 513, 1046
137, 6.1, 24, 46, 22, 0, 112, 143, 518, 1053
138, 6.14, 24, 49, 22, 0, 131, 132, 523, 1058
139, 6.18, 24, 50, 22, 0, 70, 199, 526, 1067
140, 6.23, 24, 55, 19, 0, 93, 154, 532, 1074
141, 6.27, 24, 59, 14, 0, 197, 77, 540, 1077
142, 6.31, 24, 60, 12, 0, 231, 60, 550, 1078
143, 6.35, 23, 60, 10, 0, 293, -32, 562, 1076
144, 6.4, 23, 61, 8, 0, 379, -106, 576, 1072
145, 6.44, 23, 61, 8, 0, 463, -148, 596, 1065
146, 6.48, 23, 60, 10, 0, 516, -211, 618, 1056
147, 6.52, 23, 60, 11, 0, 534, -293, 639, 1044
148, 6.57, 23, 57, 16, 0, 499, -266, 660, 1033
149, 6.6, 23, 53, 19, 0, 455, -176, 680, 1025
150, 6.65, 23, 47, 21, 0, 367, -120, 694, 1021
151, 6.69, 23, 43, 22, 0, 292, -54, 707, 1019
152, 6.73, 24, 43, 22, 0, 298, -29, 720, 1018
153, 6.78, 24, 45, 22, 0, 300, -65, 734, 1015
154, 6.82, 25, 45, 22, 0, 277, -45, 746, 1014
155, 6.86, 24, 43, 22, 0, 276, -15, 757, 1014
156, 6.9, 25, 43, 22, 0, 244, 0, 766, 1015
157, 6.94, 25, 41, 22, 0, 153, 76, 771, 1018
158, 6.97, 25, 41, 22, 0, 191, 78, 778, 1020
159, 7.01, 25, 44, 22, 0, 212, 37, 786, 1022
160, 7.05, 26, 43, 22, 0, 210, 31, 794, 1022
161, 7.1, 25, 44, 22, 0, 256, 25, 805, 1024
162, 7.14, 25, 45, 22, 0, 269, 24, 817, 1024
163, 7.18, 26, 44, 22, 0, 260, 16, 828, 1024
164, 7.21, 25, 43, 22, 0, 253, 16, 836, 1024
165, 7.26, 25, 42, 22, 0, 187, 59, 843, 1027
166, 7.29, 24, 43, 22, 0, 163, 85, 850, 1030
167, 7.33, 24, 44, 22, 0, 215, 55, 858, 1032
168, 7.37, 25, 45, 22, 0, 185, 83, 865, 1035
169, 7.4, 23, 45, 22, 0, 192, 79, 872, 1038
170, 7.44, 24, 44, 22, 0, 194, 54, 880, 1040
171, 7.48, 23, 44, 22, 0, 171, 92, 886, 1044
172, 7.53, 24, 43, 22, 0, 176, 73, 894, 1047
173, 7.56, 23, 43, 22, 0, 165, 97, 900, 1052
174, 7.61, 24, 43, 21, 0, 123, 148, 906, 1058
175, 7.65, 24, 45, 21, 0, 186, 90, 913, 1061
176, 7.69, 23, 46, 21, 0, 173, 75, 920, 1064
177, 7.73, 23, 45, 21, 0, 145, 107, 926, 1068
178, 7.77, 23, 45, 21, 0, 150, 117, 933, 1074
179, 7.81, 23, 47, 20, 0, 179, 90, 940, 1077
180, 7.85, 23, 49, 20, 0, 198, 66, 948, 1079
181, 7.9, 23, 49, 19, 0, 232, 42, 958, 1081
182, 7.94, 23, 48, 20, 0, 213, 34, 966, 1082
183, 7.98, 23, 46, 20, 0, 207, 66, 974, 1085
184, 8.02, 23, 45, 20, 0, 199, 64, 982, 1087
185, 8.050000000000001, 23, 44, 20, 0, 208, 43, 990, 1088
186, 8.09, 23, 45, 20, 0, 235, 41, 999, 1090
187, 8.130000000000001, 23, 43, 20, 0, 258, 41, 1010, 1090
188, 8.17, 23, 41, 21, 0, 232, 16, 1019, 1091
189, 8.210000000000001, 24, 39, 21, 0, 171, 63, 1025, 1095
190, 8.25, 23, 38, 21, 0, 139, 124, 1031, 1100
191, 8.289999999999999, 23, 40, 21, 0, 195, 62, 1038, 1102
192, 8.34, 23, 39, 21, 0, 208, 33, 1049, 1104
193, 8.380000000000001, 23, 37, 21, 0, 154, 91, 1054, 1108
194, 8.42, 23, 34, 21, 0, 162, 137, 1061, 1114
195, 8.460000000000001, 23, 34, 21, 0, 165, 75, 1068, 1116
196, 8.5, 23, 34, 21, 0, 176, 85, 1075, 1120
197, 8.539999999999999, 23, 33, 21, 0, 194, 90, 1083, 1124
198, 8.58, 23, 32, 21, 0, 217, 43, 1092, 1125
199, 8.630000000000001, 24, 28, 21, 0, 174, 80, 1100, 1129
200, 8.67, 23, 26, 22, 0, 152, 139, 1106, 1134
201, 8.720000000000001, 23, 25, 22, 0, 137, 112, 1112, 1140
202, 8.77, 23, 24, 21, 0, 125, 124, 1118, 1146
203, 8.81, 23, 23, 21, 0, 153, 115, 1124, 1150
204, 8.85, 23, 22, 21, 0, 137, 123, 1130, 1156
205, 8.890000000000001, 23, 21, 22, 0, 128, 134, 1136, 1162
206, 8.93, 23, 20, 22, 0, 144, 126, 1142, 1166
207, 8.970000000000001, 24, 20, 22, 0, 189, 57, 1150, 1169
208, 9.01, 23, 18, 22, 0, 175, 88, 1155, 1172
209, 9.050000000000001, 23, 14, 22, 0, 124, 141, 1160, 1178
210, 9.09, 24, 15, 22, 0, 131, 100, 1164, 1181
211, 9.130000000000001, 23, 14, 22, 0, 198, 53, 1174, 1184
212, 9.18, 24, 10, 23, 0, 157, 111, 1181, 1190
213, 9.210000000000001, 24, 5, 22, 0, 74, 190, 1184, 1197
214, 9.25, 24, 6, 22, 0, 150, 132, 1190, 1202
215, 9.289999999999999, 24, 9, 22, 0, 213, 57, 1198, 1204
216, 9.34, 23, 2, 23, 0, 176, 70, 1206, 1207
217, 9.380000000000001, 24, 0, 22, 0, 130, 151, 1211, 1212
218, 9.41, 24, 0, 22, 0, 89, 158, 1214, 1218
219, 9.460000000000001, 24, 0, 22, 0, 145, 98, 1220, 1222
220, 9.49, 24, 0, 22, 0, 213, 64, 1228, 1225
221, 9.539999999999999, 23, 0, 22, 0, 176, 85, 1238, 1229
222, 9.59, 23, 0, 22, 0, 180, 92, 1245, 1233
223, 9.630000000000001, 24, 0, 23, 0, 155, 91, 1252, 1238
224, 9.67, 23, 0, 22, 0, 100, 150, 1256, 1244
225, 9.710000000000001, 23, 0, 22, 0, 130, 138, 1261, 1250
226, 9.75, 23, 0, 22, 0, 145, 114, 1266, 1254
227, 9.789999999999999, 23, 0, 22, 0, 141, 132, 1272, 1259
228, 9.83, 23, 0, 22, 0, 131, 137, 1277, 1265
229, 9.869999999999999, 22, 4, 22, 0, 124, 117, 1282, 1270
230, 9.91, 22, 12, 22, 0, 118, 130, 1288, 1275
231, 9.960000000000001, 23, 27, 22, 0, 98, 165, 1292, 1282
232, 10.0, 23, 34, 22, 0, 70, 204, 1295, 1290
233, 10.04, 23, 41, 22, 0, 98, 175, 1298, 1297
234, 10.09, 23, 47, 22, 0, 103, 152, 1303, 1303
235, 10.12, 22, 49, 22, 0, 116, 131, 1308, 1308
236, 10.16, 22, 49, 22, 0, 152, 114, 1314, 1313
237, 10.2, 21, 48, 22, 0, 133, 117, 1319, 1318
238, 10.24, 19, 46, 22, 0, 114, 163, 1323, 1324
239, 10.28, 17, 43, 22, 0, 81, 213, 1325, 1332
240, 10.31, 16, 40, 22, 0, 23, 301, 1324, 1345
241, 10.36, 15, 34, 22, 0, -63, 359, 1321, 1358
242, 10.4, 15, 27, 22, 0, -162, 428, 1315, 1374
243, 10.43, 16, 23, 22, 0, -182, 482, 1308, 1393
244, 10.47, 19, 20, 22, 0, -180, 458, 1301, 1410
245, 10.51, 20, 14, 22, 0, -122, 365, 1297, 1424
246, 10.55, 23, 17, 22, 0, -64, 270, 1296, 1436
247, 10.59, 24, 25, 22, 0, -14, 225, 1296, 1444
248, 10.63, 23, 32, 22, 0, 27, 162, 1300, 1451
249, 10.67, 24, 36, 22, 0, 138, 97, 1304, 1454
250, 10.71, 23, 39, 22, 0, 77, 133, 1307, 1460
251, 10.75, 23, 45, 22, 0, 96, 147, 1312, 1466
252, 10.79, 23, 49, 22, 0, 205, 98, 1320, 1470
253, 10.83, 22, 50, 22, 0, 162, 90, 1327, 1476
254, 10.88, 20, 49, 22, 0, 75, 177, 1330, 1482
255, 10.91, 19, 48, 21, 0, 55, 233, 1331, 1492
256, 10.97, 17, 42, 21, 0, -19, 320, 1329, 1508
257, 11.01, 16, 36, 21, 0, -104, 404, 1324, 1524
258, 11.06, 16, 25, 21, 0, -197, 489, 1316, 1546
259, 11.1, 18, 17, 21, 0, -238, 554, 1305, 1569
260, 11.15, 20, 6, 21, 0, -299, 526, 1292, 1595
261, 11.19, 23, 3, 21, 0, -166, 424, 1283, 1615
262, 11.24, 24, 18, 22, 0, -87, 332, 1280, 1630
263, 11.28, 24, 31, 21, 0, -40, 250, 1279, 1642
264, 11.33, 24, 40, 22, 0, 0, 181, 1280, 1650
265, 11.37, 24, 43, 21, 0, 48, 180, 1282, 1656
266, 11.4, 24, 46, 21, 0, 79, 218, 1285, 1666
267, 11.45, 24, 50, 21, 0, 34, 243, 1286, 1676
268, 11.49, 23, 49, 21, 0, 23, 221, 1287, 1686
269, 11.54, 23, 45, 22, 0, 154, 128, 1294, 1692
270, 11.58, 23, 39, 22, 0, 225, 53, 1302, 1694
271, 11.62, 22, 31, 22, 0, 152, 75, 1306, 1698
272, 11.66, 21, 24, 22, 0, 0, 274, 1306, 1710
273, 11.7, 21, 14, 21, 0, -46, 284, 1305, 1722
274, 11.75, 22, 0, 21, 0, 48, 177, 1310, 1731
275, 11.8, 22, 0, 22, 0, 176, 84, 1318, 1735
276, 11.83, 22, 5, 22, 0, 131, 99, 1322, 1738
277, 11.88, 22, 12, 22, 0, 76, 177, 1325, 1746
278, 11.92, 22, 23, 22, 0, 96, 184, 1330, 1756
279, 11.97, 21, 35, 22, 0, 139, 145, 1336, 1762
280, 12.01, 20, 43, 21, 0, 156, 95, 1342, 1767
281, 12.05, 18, 47, 21, 0, 97, 147, 1346, 1773
282, 12.1, 18, 50, 21, 0, -20, 286, 1344, 1786
283, 12.15, 16, 51, 21, 0, -91, 352, 1341, 1799
284, 12.18, 13, 52, 21, 0, -71, 417, 1338, 1816
285, 12.22, 11, 52, 21, 0, -171, 484, 1331, 1835
286, 12.26, 9, 52, 21, 0, -306, 534, 1319, 1857
287, 12.31, 6, 52, 21, 0, -339, 600, 1306, 1879
288, 12.35, 4, 51, 21, 0, -378, 658, 1288, 1910
289, 12.39, 5, 47, 21, 0, -404, 640, 1272, 1936
290, 12.43, 7, 43, 21, 0, -406, 557, 1257, 1958
291, 12.47, 11, 35, 22, 0, -368, 436, 1240, 1977
292, 12.51, 14, 21, 22, 0, -297, 364, 1230, 1990
293, 12.54, 20, 7, 22, 0, -224, 304, 1221, 2002
294, 12.58, 23, 0, 22, 0, -149, 256, 1216, 2012
295, 12.63, 24, 0, 22, 0, -85, 219, 1212, 2020
296, 12.66, 24, 0, 22, 0, -58, 148, 1210, 2026
297, 12.7, 24, 3, 22, 0, -18, 88, 1211, 2029
298, 12.74, 24, 6, 22, 0, 62, 68, 1214, 2032
299, 12.79, 24, 8, 22, 0, 107, 95, 1219, 2036
300, 12.82, 24, 16, 22, 0, 202, 93, 1226, 2039
301, 12.86, 24, 29, 22, 0, 192, 94, 1234, 2043
302, 12.9, 24, 38, 22, 0, 158, 115, 1240, 2047
303, 12.94, 23, 45, 22, 0, 173, 82, 1246, 2050
304, 12.98, 24, 48, 22, 0, 148, 90, 1252, 2054
305, 13.01, 23, 51, 22, 0, 111, 148, 1256, 2060
306, 13.06, 22, 52, 22, 0, 129, 149, 1262, 2066
307, 13.09, 21, 50, 22, 0, 98, 155, 1266, 2072
308, 13.14, 19, 47, 22, 0, 82, 293, 1266, 2084
309, 13.18, 18, 43, 22, 0, -96, 381, 1262, 2100
310, 13.22, 17, 35, 22, 0, -125, 420, 1257, 2116
311, 13.27, 18, 23, 22, 0, -192, 495, 1249, 2138
312, 13.31, 21, 13, 22, 0, -253, 498, 1238, 2160
313, 13.35, 23, 4, 22, 0, -168, 440, 1231, 2177
314, 13.39, 24, 6, 22, 0, -70, 315, 1230, 2188
315, 13.43, 24, 23, 22, 0, -15, 222, 1230, 2196
316, 13.47, 24, 35, 22, 0, -15, 209, 1230, 2204
317, 13.5, 24, 39, 22, 0, 79, 173, 1232, 2210
318, 13.55, 24, 40, 22, 0, 214, 79, 1242, 2214
319, 13.58, 24, 46, 22, 0, 213, 54, 1248, 2215
320, 13.62, 24, 53, 22, 0, 138, 117, 1254, 2220
321, 13.67, 24, 56, 22, 0, 157, 155, 1260, 2226
322, 13.71, 24, 55, 22, 0, 185, 63, 1270, 2229
323, 13.75, 24, 46, 23, 0, 179, 69, 1277, 2232
324, 13.79, 24, 40, 22, 0, 165, 120, 1283, 2237
325, 13.84, 24, 31, 22, 0, 98, 140, 1287, 2242
326, 13.88, 24, 21, 23, 0, 164, 80, 1294, 2246
327, 13.92, 24, 10, 22, 0, 171, 87, 1301, 2250
328, 13.97, 24, 2, 22, 0, 158, 100, 1310, 2254
329, 14.0, 24, 3, 22, 0, 108, 112, 1314, 2258
330, 14.04, 23, 1, 22, 0, 144, 105, 1319, 2262
331, 14.08, 23, 2, 22, 0, 139, 118, 1324, 2267
332, 14.12, 23, 3, 22, 0, 117, 144, 1329, 2273
333, 14.16, 23, 3, 22, 0, 126, 141, 1334, 2278
334, 14.19, 24, 5, 22, 0, 149, 123, 1340, 2283
335, 14.24, 23, 6, 22, 0, 131, 112, 1344, 2288
336, 14.28, 22, 6, 22, 0, 111, 149, 1348, 2293
337, 14.31, 22, 7, 22, 0, 78, 202, 1351, 2300
338, 14.36, 23, 6, 22, 0, 66, 183, 1354, 2309
339, 14.39, 23, 7, 22, 0, 104, 158, 1358, 2315
340, 14.43, 23, 6, 22, 0, 117, 149, 1362, 2320
341, 14.47, 23, 6, 22, 0, 132, 109, 1368, 2324
342, 14.51, 23, 6, 22, 0, 132, 109, 1373, 2329
343, 14.55, 22, 7, 22, 0, 130, 143, 1378, 2334
344, 14.59, 22, 9, 22, 0, 124, 141, 1383, 2340
345, 14.63, 23, 8, 22, 0, 122, 139, 1387, 2345
346, 14.66, 23, 8, 22, 0, 87, 172, 1390, 2352
347, 14.7, 22, 8, 22, 0, 76, 179, 1394, 2359
348, 14.74, 22, 8, 22, 0, 95, 152, 1398, 2365
349, 14.78, 23, 6, 22, 0, 159, 113, 1404, 2369
350, 14.82, 23, 6, 22, 0, 141, 125, 1409, 2374
351, 14.86, 22, 7, 22, 0, 104, 137, 1413, 2379
352, 14.89, 22, 7, 22, 0, 127, 143, 1418, 2384
353, 14.93, 23, 6, 22, 0, 96, 177, 1421, 2391
354, 14.97, 23, 6, 22, 0, 93, 155, 1426, 2397
355, 15.01, 23, 6, 22, 0, 158, 115, 1431, 2401
356, 15.05, 23, 5, 22, 0, 125, 128, 1436, 2406
357, 15.08, 23, 5, 22, 0, 111, 136, 1440, 2411
358, 15.12, 23, 5, 22, 0, 136, 122, 1445, 2416
359, 15.17, 23, 5, 22, 0, 141, 122, 1451, 2422
360, 15.2, 22, 7, 22, 0, 140, 141, 1456, 2427
361, 15.24, 23, 6, 22, 0, 126, 142, 1462, 2432
362, 15.28, 23, 6, 22, 0, 128, 128, 1466, 2436
363, 15.31, 23, 6, 22, 0, 125, 127, 1471, 2442
364, 15.36, 23, 6, 22, 0, 113, 128, 1476, 2446
365, 15.4, 23, 7, 22, 0, 146, 135, 1482, 2452
366, 15.44, 23, 6, 22, 0, 145, 140, 1487, 2458
367, 15.47, 23, 6, 22, 0, 118, 132, 1491, 2462
368, 15.51, 23, 6, 22, 0, 118, 129, 1496, 2467
369, 15.56, 23, 5, 22, 0, 141, 123, 1502, 2473
370, 15.6, 24, 7, 22, 0, 123, 123, 1508, 2478
371, 15.64, 23, 6, 22, 0, 143, 135, 1513, 2483
372, 15.67, 24, 6, 22, 0, 123, 135, 1518, 2489
373, 15.72, 23, 6, 22, 0, 125, 127, 1523, 2494
374, 15.76, 24, 7, 22, 0, 127, 129, 1528, 2499
375, 15.81, 24, 8, 22, 0, 131, 119, 1534, 2505
376, 15.85, 24, 7, 22, 0, 159, 119, 1542, 2510
377, 15.89, 24, 7, 22, 0, 179, 87, 1548, 2514
378, 15.93, 24, 8, 22, 0, 150, 91, 1554, 2518
379, 15.97, 24, 11, 22, 0, 121, 155, 1560, 2524
380, 16.01, 24, 10, 22, 0, 172, 81, 1567, 2528
381, 16.06, 24, 11, 22, 0, 164, 47, 1575, 2531
382, 16.1, 23, 14, 23, 0, 91, 195, 1579, 2538
383, 16.15, 22, 14, 22, 0, 107, 192, 1584, 2546
384, 16.18, 23, 14, 22, 0, 157, 94, 1590, 2550
385, 16.22, 22, 14, 22, 0, 136, 95, 1596, 2554
386, 16.27, 22, 16, 22, 0, 119, 161, 1600, 2560
387, 16.31, 22, 16, 22, 0, 115, 151, 1604, 2566
388, 16.34, 22, 15, 22, 0, 95, 161, 1608, 2573
389, 16.39, 22, 16, 22, 0, 117, 162, 1612, 2579
390, 16.42, 22, 15, 22, 0, 83, 166, 1616, 2586
391, 16.47, 23, 14, 22, 0, 91, 182, 1620, 2594
392, 16.51, 23, 12, 22, 0, 73, 187, 1623, 2602
393, 16.55, 23, 10, 23, 0, 49, 220, 1624, 2610
394, 16.59, 24, 10, 22, 0, 40, 189, 1626, 2616
395, 16.62, 24, 7, 22, 0, 175, 123, 1632, 2621
396, 16.66, 24, 8, 22, 0, 182, 72, 1640, 2624
397, 16.71, 23, 7, 22, 0, 153, 86, 1647, 2628
398, 16.75, 23, 7, 22, 0, 166, 94, 1654, 2631
399, 16.8, 23, 7, 22, 0, 176, 91, 1663, 2636
400, 16.84, 23, 7, 22, 0, 154, 97, 1669, 2640
401, 16.88, 23, 7, 22, 0, 112, 152, 1673, 2646
402, 16.92, 23, 6, 22, 0, 126, 153, 1678, 2651
403, 16.95, 24, 7, 22, 0, 146, 109, 1684, 2656
404, 16.99, 23, 5, 22, 0, 134, 124, 1688, 2660
405, 17.04, 23, 5, 22, 0, 121, 143, 1694, 2666
406, 17.07, 23, 3, 22, 0, 128, 134, 1699, 2672
407, 17.12, 23, 2, 22, 0, 133, 114, 1705, 2676
408, 17.17, 23, 2, 22, 0, 134, 136, 1711, 2684
409, 17.21, 23, 1, 22, 0, 126, 129, 1717, 2689
410, 17.25, 23, 0, 22, 0, 119, 129, 1722, 2695
411, 17.3, 23, 0, 22, 0, 141, 138, 1727, 2700
412, 17.34, 23, 0, 22, 0, 124, 123, 1732, 2704
413, 17.38, 24, 2, 22, 0, 125, 124, 1738, 2710
414, 17.41, 23, 1, 22, 0, 130, 142, 1742, 2715
415, 17.45, 23, 0, 22, 0, 66, 175, 1744, 2721
416, 17.48, 23, 0, 22, 0, 85, 174, 1748, 2727
417, 17.52, 23, 0, 22, 0, 176, 122, 1756, 2732
418, 17.57, 24, 0, 22, 0, 156, 101, 1761, 2736
419, 17.61, 23, 0, 22, 0, 98, 148, 1765, 2742
420, 17.64, 23, 0, 22, 0, 128, 138, 1770, 2748
421, 17.68, 24, 0, 22, 0, 196, 71, 1778, 2750
422, 17.73, 24, 0, 22, 0, 149, 67, 1786, 2754
423, 17.77, 23, 2, 22, 0, 60, 225, 1788, 2762
424, 17.81, 24, 1, 22, 0, 48, 259, 1788, 2772
425, 17.85, 24, 0, 22, 0, 67, 179, 1791, 2779
426, 17.88, 24, 0, 22, 0, 200, 79, 1800, 2782
427, 17.92, 24, 0, 22, 0, 191, 45, 1808, 2784
428, 17.98, 24, 0, 23, 0, 147, 93, 1816, 2790
429, 18.02, 24, 0, 22, 0, 136, 131, 1821, 2794
430, 18.06, 24, 1, 22, 0, 125, 149, 1826, 2800
431, 18.1, 24, 0, 22, 0, 167, 87, 1832, 2804
432, 18.14, 24, 0, 23, 0, 230, 44, 1842, 2805
433, 18.18, 23, 0, 23, 0, 185, 78, 1849, 2808
434, 18.23, 23, 2, 22, 0, 60, 194, 1852, 2816
435, 18.27, 23, 2, 22, 0, 97, 181, 1856, 2825
436, 18.31, 24, 1, 22, 0, 118, 177, 1860, 2832
437, 18.35, 23, 2, 22, 0, 86, 133, 1865, 2838
438, 18.4, 23, 1, 22, 0, 172, 71, 1872, 2841
439, 18.43, 24, 1, 22, 0, 126, 114, 1878, 2846
440, 18.48, 23, 0, 22, 0, 98, 161, 1881, 2852
441, 18.52, 23, 0, 23, 0, 159, 132, 1888, 2857
442, 18.57, 24, 0, 22, 0, 192, 70, 1898, 2861
443, 18.61, 23, 0, 22, 0, 154, 114, 1904, 2866
444, 18.66, 23, 0, 22, 0, 77, 158, 1908, 2872
445, 18.69, 23, 0, 22, 0, 139, 120, 1914, 2878
446, 18.74, 23, 2, 23, 0, 157, 112, 1920, 2883
447, 18.78, 23, 1, 23, 0, 136, 157, 1925, 2890
448, 18.82, 23, 1, 22, 0, 68, 199, 1927, 2898
449, 18.87, 23, 0, 22, 0, 65, 173, 1930, 2906
450, 18.91, 24, 0, 23, 0, 141, 128, 1936, 2911
451, 18.95, 23, 0, 22, 0, 195, 86, 1944, 2914
452, 19.0, 24, 0, 23, 0, 213, 44, 1953, 2916
453, 19.04, 24, 0, 23, 0, 134, 96, 1959, 2922
454, 19.08, 23, 1, 22, 0, 60, 216, 1961, 2930
455, 19.12, 23, 2, 22, 0, 32, 220, 1962, 2939
456, 19.16, 24, 0, 22, 0, 88, 136, 1967, 2945
457, 19.21, 25, 0, 23, 0, 198, 83, 1976, 2949
458, 19.25, 23, 0, 23, 0, 154, 117, 1982, 2954
459, 19.29, 24, 1, 23, 0, 148, 89, 1989, 2958
460, 19.34, 23, 2, 22, 0, 137, 105, 1994, 2963
461, 19.38, 23, 2, 22, 0, 96, 193, 1998, 2972
462, 19.42, 24, 2, 22, 0, 181, 98, 2006, 2975
463, 19.46, 23, 2, 23, 0, 245, 32, 2016, 2976
464, 19.5, 23, 3, 23, 0, 164, 50, 2022, 2979
465, 19.54, 23, 3, 23, 0, 78, 217, 2026, 2988
466, 19.59, 23, 4, 22, 0, 96, 182, 2029, 2994
467, 19.63, 24, 2, 23, 0, 102, 133, 2034, 3001
468, 19.67, 23, 2, 22, 0, 109, 169, 2038, 3007
469, 19.71, 24, 3, 22, 0, 66, 194, 2041, 3016
470, 19.76, 24, 2, 22, 0, 47, 199, 2043, 3024
471, 19.8, 24, 1, 22, 0, 50, 206, 2044, 3031
472, 19.84, 24, 1, 22, 0, 83, 173, 2049, 3040
473, 19.88, 24, 3, 22, 0, 189, 74, 2057, 3043
474, 19.92, 24, 4, 22, 0, 189, 47, 2065, 3045
475, 19.99, 24, 1, 22, 0, 157, 108, 2076, 3052
476, 20.03, 24, 1, 23, 0, 154, 121, 2082, 3057
477, 20.08, 24, 3, 22, 0, 88, 159, 2088, 3065
478, 20.12, 24, 3, 22, 0, 114, 93, 2094, 3070
479, 20.17, 24, 5, 23, 0, 231, 72, 2103, 3070
480, 20.22, 24, 4, 23, 0, 151, 50, 2110, 3076
481, 20.27, 24, 3, 22, 0, 74, 199, 2114, 3086
482, 20.31, 24, 7, 22, 0, 177, 99, 2121, 3090
483, 20.35, 24, 12, 22, 0, 197, 38, 2134, 3093
484, 20.42, 23, 11, 22, 0, 158, 87, 2141, 3096
485, 20.46, 24, 13, 22, 0, 138, 140, 2146, 3102
486, 20.5, 24, 16, 22, 0, 183, 110, 2154, 3106
487, 20.54, 23, 19, 22, 0, 170, 68, 2162, 3109
488, 20.59, 23, 22, 22, 0, 172, 98, 2170, 3114
489, 20.65, 24, 25, 21, 0, 120, 137, 2176, 3121
490, 20.69, 24, 30, 20, 0, 88, 164, 2182, 3129
491, 20.73, 24, 38, 18, 0, 198, 99, 2191, 3132
492, 20.8, 23, 45, 16, 0, 286, -6, 2208, 3129
493, 20.84, 24, 47, 15, 0, 378, -100, 2226, 3124
494, 20.89, 23, 47, 15, 0, 486, -158, 2248, 3118
495, 20.94, 23, 47, 16, 0, 503, -260, 2280, 3102
496, 21.01, 23, 39, 20, 0, 356, -149, 2300, 3095
497, 21.05, 23, 31, 20, 0, 219, 37, 2311, 3097
498, 21.1, 23, 31, 20, 0, 228, 38, 2322, 3098
499, 21.15, 23, 34, 20, 0, 249, 17, 2334, 3098
500, 21.2, 23, 34, 20, 0, 234, 8, 2343, 3098
501, 21.24, 24, 34, 20, 0, 232, 3, 2354, 3099
502, 21.29, 23, 33, 20, 0, 199, 99, 2362, 3104
503, 21.33, 24, 33, 19, 0, 176, 109, 2370, 3106
504, 21.37, 23, 38, 18, 0, 209, 65, 2378, 3107
505, 21.41, 24, 39, 18, 0, 242, 18, 2387, 3107
506, 21.45, 24, 40, 18, 0, 282, 8, 2399, 3107
507, 21.49, 24, 40, 17, 0, 382, -74, 2414, 3104
508, 21.53, 23, 40, 17, 0, 411, -158, 2431, 3098
509, 21.58, 23, 40, 18, 0, 357, -75, 2450, 3094
510, 21.62, 23, 37, 19, 0, 354, -82, 2464, 3091
511, 21.66, 23, 33, 19, 0, 307, -87, 2476, 3087
512, 21.7, 23, 31, 20, 0, 243, -22, 2486, 3088
513, 21.74, 23, 30, 20, 0, 167, 89, 2491, 3091
514, 21.78, 23, 31, 20, 0, 130, 124, 2498, 3096
515, 21.82, 23, 31, 19, 0, 180, 59, 2504, 3098
516, 21.86, 24, 35, 19, 0, 271, 18, 2516, 3097
517, 21.9, 23, 35, 19, 0, 343, -10, 2530, 3096
518, 21.95, 24, 35, 19, 0, 348, -51, 2546, 3093
519, 21.99, 23, 35, 19, 0, 303, -56, 2560, 3091
520, 22.05, 23, 36, 19, 0, 308, -37, 2575, 3090
521, 22.09, 23, 35, 19, 0, 253, -32, 2584, 3089
522, 22.14, 23, 35, 19, 0, 274, -11, 2598, 3089
523, 22.17, 23, 35, 19, 0, 329, -10, 2610, 3088
524, 22.21, 23, 36, 19, 0, 274, -28, 2622, 3087
525, 22.26, 23, 34, 19, 0, 206, -16, 2630, 3087
526, 22.29, 23, 33, 19, 0, 244, -16, 2641, 3087
527, 22.34, 23, 35, 19, 0, 252, -8, 2650, 3087
528, 22.38, 23, 35, 18, 0, 244, 3, 2662, 3087
529, 22.43, 23, 35, 18, 0, 292, 4, 2676, 3087
530, 22.47, 24, 34, 18, 0, 336, -12, 2688, 3086
531, 22.51, 23, 35, 17, 0, 286, -22, 2699, 3086
532, 22.55, 24, 34, 17, 0, 293, -28, 2712, 3084
533, 22.59, 23, 32, 17, 0, 343, -77, 2724, 3081
534, 22.63, 23, 34, 17, 0, 343, -89, 2737, 3078
535, 22.67, 23, 37, 17, 0, 342, -76, 2751, 3074
536, 22.7, 23, 40, 18, 0, 330, -70, 2764, 3072
537, 22.75, 23, 41, 18, 0, 321, -68, 2778, 3069
538, 22.8, 23, 39, 19, 0, 294, -47, 2792, 3068
539, 22.83, 23, 35, 19, 0, 257, -18, 2802, 3068
540, 22.87, 23, 35, 19, 0, 253, -16, 2812, 3067
541, 22.91, 23, 35, 20, 0, 237, -12, 2822, 3067
542, 22.96, 24, 36, 20, 0, 245, -7, 2834, 3067
543, 23.01, 23, 38, 21, 0, 263, 0, 2844, 3067
544, 23.05, 24, 43, 22, 0, 225, 15, 2855, 3069
545, 23.09, 24, 45, 22, 0, 147, 100, 2860, 3073
546, 23.13, 24, 46, 22, 0, 98, 143, 2864, 3078
547, 23.16, 24, 48, 22, 0, 157, 79, 2870, 3082
548, 23.22, 24, 52, 22, 0, 186, 65, 2879, 3085
549, 23.26, 23, 52, 21, 0, 169, 119, 2888, 3090
550, 23.3, 23, 52, 19, 0, 173, 82, 2895, 3094
551, 23.34, 23, 52, 17, 0, 194, 53, 2902, 3096
552, 23.38, 24, 52, 16, 0, 242, 44, 2913, 3097
553, 23.43, 23, 52, 14, 0, 339, -13, 2926, 3094
554, 23.47, 23, 51, 13, 0, 432, -174, 2945, 3087
555, 23.51, 23, 48, 14, 0, 500, -187, 2965, 3080
556, 23.54, 24, 46, 17, 0, 487, -183, 2985, 3071
557, 23.59, 24, 41, 20, 0, 413, -170, 3002, 3065
558, 23.63, 23, 35, 21, 0, 317, -119, 3014, 3062
559, 23.67, 24, 34, 22, 0, 260, -19, 3024, 3062
560, 23.71, 23, 37, 22, 0, 258, 0, 3035, 3062
561, 23.74, 23, 42, 22, 0, 269, -16, 3044, 3060
562, 23.79, 23, 47, 23, 0, 284, -33, 3057, 3060
563, 23.83, 24, 50, 23, 0, 299, -16, 3068, 3060
564, 23.87, 23, 50, 23, 0, 260, -13, 3080, 3060
565, 23.91, 24, 49, 23, 0, 152, 83, 3085, 3062
566, 23.95, 23, 48, 23, 0, 62, 196, 3088, 3072
567, 23.99, 23, 48, 22, 0, 61, 194, 3090, 3079
568, 24.04, 24, 39, 23, 0, 101, 115, 3095, 3084
569, 24.08, 23, 28, 22, 0, 177, 114, 3103, 3089
570, 24.12, 22, 21, 22, 0, 97, 181, 3106, 3097
571, 24.16, 22, 13, 22, 0, 43, 183, 3108, 3104
572, 24.21, 22, 8, 22, 0, 86, 171, 3112, 3110
573, 24.24, 22, 4, 23, 0, 105, 170, 3117, 3118
574, 24.28, 22, 6, 22, 0, 95, 169, 3120, 3124
575, 24.32, 22, 13, 22, 0, 79, 173, 3123, 3130
576, 24.36, 22, 25, 22, 0, 64, 195, 3126, 3140
577, 24.4, 23, 32, 22, 0, 45, 227, 3128, 3148
578, 24.45, 24, 40, 22, 0, 79, 168, 3132, 3154
579, 24.49, 24, 46, 23, 0, 171, 83, 3139, 3158
580, 24.53, 24, 50, 23, 0, 159, 83, 3146, 3162
581, 24.57, 23, 51, 23, 0, 163, 100, 3153, 3167
582, 24.62, 23, 51, 22, 0, 127, 141, 3159, 3173
583, 24.66, 23, 46, 23, 0, 90, 163, 3163, 3180
584, 24.7, 21, 41, 23, 0, 95, 177, 3166, 3187
585, 24.74, 20, 37, 23, 0, 76, 184, 3169, 3194
586, 24.79, 19, 27, 23, 0, 0, 282, 3169, 3206
587, 24.83, 19, 21, 22, 0, -82, 372, 3165, 3220
588, 24.86, 20, 10, 22, 0, -92, 405, 3162, 3235
589, 24.91, 22, 4, 23, 0, -26, 282, 3162, 3250
590, 24.96, 23, 13, 23, 0, 32, 141, 3164, 3256
591, 25.0, 24, 19, 22, 0, 160, 83, 3171, 3259
592, 25.04, 24, 19, 23, 0, 182, 69, 3179, 3262
593, 25.08, 24, 29, 23, 0, 198, 63, 3188, 3262
594, 25.12, 24, 40, 23, 0, 183, 72, 3195, 3265
595, 25.16, 23, 46, 23, 0, 96, 220, 3200, 3276
596, 25.21, 24, 49, 22, 0, 78, 198, 3203, 3283
597, 25.26, 24, 50, 23, 0, 76, 128, 3208, 3290
598, 25.3, 24, 48, 22, 0, 218, 80, 3217, 3294
599, 25.35, 24, 41, 23, 0, 231, 49, 3226, 3295
600, 25.39, 24, 32, 23, 0, 144, 64, 3232, 3298
601, 25.43, 23, 23, 23, 0, 81, 187, 3236, 3307
602, 25.47, 24, 12, 22, 0, 123, 144, 3240, 3313
603, 25.51, 23, 0, 22, 0, 168, 90, 3247, 3316
604, 25.55, 23, 0, 23, 0, 169, 95, 3254, 3320
605, 25.6, 23, 0, 22, 0, 82, 171, 3258, 3327
606, 25.64, 23, 2, 22, 0, 46, 243, 3258, 3338
607, 25.68, 23, 13, 22, 0, 34, 187, 3261, 3345
608, 25.72, 24, 25, 22, 0, 199, 84, 3268, 3348
609, 25.76000000000001, 23, 36, 23, 0, 197, 60, 3277, 3351
610, 25.82, 24, 45, 22, 0, 135, 113, 3284, 3357
611, 25.86, 23, 47, 22, 0, 134, 147, 3290, 3363
612, 25.91, 24, 50, 22, 0, 159, 98, 3297, 3368
613, 25.95, 23, 49, 23, 0, 215, 59, 3307, 3370
614, 26.0, 24, 40, 23, 0, 174, 70, 3316, 3374
615, 26.04, 23, 32, 22, 0, 205, 62, 3325, 3377
616, 26.09, 23, 22, 23, 0, 152, 94, 3332, 3382
617, 26.13, 22, 11, 22, 0, 108, 155, 3338, 3389
618, 26.18, 23, 4, 22, 0, 115, 137, 3342, 3394
619, 26.22, 22, 0, 23, 0, 145, 132, 3348, 3400
620, 26.26, 22, 1, 23, 0, 122, 144, 3353, 3406
621, 26.3, 22, 12, 23, 0, 77, 163, 3356, 3412
622, 26.34, 22, 20, 22, 0, 103, 148, 3360, 3418
623, 26.39, 23, 31, 22, 0, 116, 155, 3365, 3425
624, 26.43, 23, 40, 22, 0, 113, 159, 3370, 3431
625, 26.47, 24, 45, 22, 0, 95, 162, 3374, 3438
626, 26.5, 24, 48, 22, 0, 96, 125, 3378, 3442
627, 26.55, 24, 51, 22, 0, 172, 100, 3385, 3447
628, 26.59, 24, 49, 22, 0, 194, 76, 3394, 3450
629, 26.64, 24, 43, 22, 0, 161, 104, 3400, 3454
630, 26.68, 23, 37, 22, 0, 164, 91, 3407, 3458
631, 26.72, 24, 30, 22, 0, 150, 89, 3414, 3463
632, 26.77, 22, 21, 22, 0, 108, 160, 3419, 3471
633, 26.81, 22, 13, 22, 0, 118, 139, 3424, 3476
634, 26.85, 22, 5, 22, 0, 137, 119, 3429, 3481
635, 26.88, 22, 4, 22, 0, 82, 181, 3432, 3487
636, 26.92, 22, 5, 22, 0, 56, 191, 3434, 3494
637, 26.96, 22, 12, 22, 0, 106, 164, 3439, 3502
638, 27.0, 22, 23, 22, 0, 96, 174, 3442, 3508
639, 27.04, 23, 29, 22, 0, 83, 169, 3446, 3514
640, 27.08, 23, 37, 22, 0, 83, 164, 3449, 3521
641, 27.12, 24, 43, 22, 0, 116, 150, 3454, 3527
642, 27.17000000000001, 23, 49, 22, 0, 213, 75, 3466, 3531
643, 27.23, 24, 49, 22, 0, 214, 15, 3478, 3532
644, 27.27, 23, 44, 23, 0, 152, 138, 3484, 3538
645, 27.32, 23, 39, 22, 0, 178, 98, 3492, 3542
646, 27.37, 23, 30, 22, 0, 202, 31, 3504, 3544
647, 27.42, 21, 19, 22, 0, 208, 34, 3512, 3546
648, 27.47, 20, 17, 22, 0, 129, 163, 3518, 3552
649, 27.51, 19, 17, 22, 0, 47, 237, 3520, 3562
650, 27.55, 19, 16, 22, 0, 0, 286, 3519, 3573
651, 27.58, 19, 14, 22, 0, -49, 317, 3516, 3586
652, 27.63, 22, 19, 22, 0, -46, 311, 3515, 3598
653, 27.66, 23, 29, 22, 0, -15, 282, 3516, 3610
654, 27.7, 23, 35, 22, 0, 56, 212, 3518, 3618
655, 27.75, 24, 41, 22, 0, 104, 118, 3523, 3622
656, 27.78, 24, 42, 22, 0, 158, 59, 3528, 3624
657, 27.82, 24, 46, 22, 0, 177, 39, 3535, 3626
658, 27.86, 23, 47, 22, 0, 182, 124, 3542, 3630
659, 27.9, 24, 48, 22, 0, 153, 145, 3548, 3636
660, 27.94, 24, 46, 22, 0, 124, 139, 3553, 3642
661, 28.0, 23, 35, 22, 0, 191, 65, 3564, 3647
662, 28.05, 23, 23, 22, 0, 199, 32, 3573, 3650
663, 28.1, 23, 9, 22, 0, 149, 156, 3579, 3656
664, 28.14, 23, 0, 22, 0, 140, 129, 3586, 3662
665, 28.18, 24, 0, 22, 0, 192, 66, 3592, 3664
666, 28.22, 23, 0, 22, 0, 162, 63, 3600, 3667
667, 28.27, 23, 5, 22, 0, 154, 108, 3608, 3672
668, 28.31, 23, 19, 22, 0, 164, 114, 3616, 3678
669, 28.37, 24, 34, 22, 0, 115, 151, 3622, 3685
670, 28.42000000000001, 23, 40, 22, 0, 156, 99, 3628, 3690
671, 28.47, 24, 47, 22, 0, 212, 50, 3639, 3693
672, 28.51000000000001, 23, 50, 22, 0, 141, 116, 3646, 3698
673, 28.57, 23, 47, 22, 0, 108, 154, 3652, 3708
674, 28.62, 23, 41, 22, 0, 164, 99, 3659, 3712
675, 28.66, 24, 33, 22, 0, 180, 48, 3667, 3714
676, 28.7, 23, 24, 22, 0, 189, 87, 3677, 3718
677, 28.75, 22, 15, 22, 0, 137, 153, 3682, 3724
678, 28.79, 21, 7, 22, 0, 68, 220, 3684, 3734
679, 28.84, 21, 2, 22, 0, 17, 217, 3685, 3744
680, 28.89, 23, 0, 22, 0, 81, 156, 3689, 3751
681, 28.93, 23, 14, 22, 0, 84, 181, 3696, 3761
682, 28.99, 23, 23, 22, 0, 80, 156, 3700, 3767
683, 29.03, 23, 34, 22, 0, 198, 52, 3710, 3770
684, 29.08, 24, 41, 22, 0, 166, 105, 3718, 3774
685, 29.13, 24, 47, 22, 0, 162, 127, 3724, 3780
686, 29.17, 23, 49, 22, 0, 154, 86, 3732, 3784
687, 29.23, 23, 47, 22, 0, 145, 96, 3740, 3790
688, 29.26, 23, 43, 22, 0, 103, 161, 3744, 3796
689, 29.31, 23, 36, 22, 0, 117, 170, 3748, 3802
690, 29.34, 23, 25, 22, 0, 81, 178, 3752, 3810
691, 29.39, 23, 18, 22, 0, 79, 168, 3754, 3817
692, 29.43, 22, 9, 22, 0, 80, 172, 3758, 3824
693, 29.47, 22, 1, 22, 0, 72, 180, 3760, 3831
694, 29.5, 22, 0, 22, 0, 83, 202, 3764, 3838
695, 29.54, 23, 0, 22, 0, 89, 189, 3767, 3846
696, 29.58, 23, 8, 22, 0, 99, 162, 3771, 3852
697, 29.62, 23, 19, 22, 0, 103, 144, 3776, 3858
698, 29.67000000000001, 23, 27, 22, 0, 149, 111, 3782, 3862
699, 29.7, 23, 35, 22, 0, 128, 97, 3786, 3866
700, 29.74, 23, 42, 22, 0, 131, 148, 3791, 3872
701, 29.78, 23, 46, 22, 0, 131, 143, 3796, 3877
702, 29.81, 24, 48, 22, 0, 128, 135, 3801, 3882
703, 29.86, 24, 48, 22, 0, 143, 119, 3806, 3886
704, 29.89, 23, 47, 22, 0, 189, 67, 3814, 3889
705, 29.93, 23, 40, 22, 0, 194, 66, 3822, 3892
706, 29.97, 23, 32, 22, 0, 152, 119, 3827, 3896
707, 30.01, 24, 20, 22, 0, 92, 155, 3831, 3904
708, 30.05, 23, 12, 22, 0, 128, 125, 3836, 3908
709, 30.09, 24, 0, 22, 0, 198, 61, 3844, 3910
710, 30.13, 23, 0, 22, 0, 154, 93, 3850, 3914
711, 30.17, 23, 0, 22, 0, 108, 153, 3854, 3920
712, 30.2, 23, 0, 22, 0, 164, 117, 3860, 3924
713, 30.24, 23, 0, 22, 0, 164, 88, 3866, 3928
714, 30.28, 22, 0, 22, 0, 118, 129, 3871, 3933
715, 30.32, 21, 0, 22, 0, 108, 172, 3875, 3940
716, 30.36, 19, 0, 22, 0, 74, 195, 3877, 3947
717, 30.39, 19, 0, 22, 0, 17, 292, 3876, 3962
718, 30.45, 17, 2, 22, 0, -63, 321, 3873, 3974
719, 30.49, 15, 3, 22, 0, -51, 320, 3872, 3987
720, 30.53, 16, 4, 22, 0, -33, 380, 3869, 4003
721, 30.58, 15, 5, 21, 0, -198, 444, 3860, 4023
722, 30.61, 16, 2, 21, 0, -174, 434, 3853, 4040
723, 30.66, 19, 0, 21, 0, -99, 387, 3849, 4057
724, 30.7, 21, 0, 20, 0, -61, 318, 3846, 4070
725, 30.74, 21, 0, 20, 0, -61, 226, 3847, 4079
726, 30.78, 20, 0, 20, 0, 100, 130, 3852, 4086
727, 30.83, 21, 0, 20, 0, 140, 94, 3858, 4090
728, 30.88, 19, 0, 20, 0, 90, 144, 3862, 4097
729, 30.92000000000001, 17, 2, 20, 0, 46, 229, 3864, 4106
730, 30.96, 15, 7, 21, 0, 66, 226, 3866, 4114
731, 31.0, 14, 11, 21, 0, 59, 244, 3868, 4124
732, 31.04, 12, 17, 21, 0, -55, 322, 3865, 4137
733, 31.08, 11, 20, 21, 0, -183, 406, 3857, 4155
734, 31.12, 11, 23, 20, 0, -157, 491, 3851, 4176
735, 31.16, 12, 20, 20, 0, -247, 553, 3841, 4197
736, 31.2, 15, 15, 20, 0, -307, 536, 3826, 4222
737, 31.26, 20, 2, 21, 0, -163, 410, 3818, 4243
738, 31.3, 22, 0, 21, 0, -61, 318, 3816, 4254
739, 31.33, 23, 0, 21, 0, -37, 280, 3816, 4264
740, 31.37, 23, 0, 21, 0, -13, 233, 3816, 4273
741, 31.41, 23, 0, 21, 0, 67, 162, 3818, 4279
742, 31.44, 23, 0, 21, 0, 181, 82, 3825, 4282
743, 31.49, 23, 0, 21, 0, 170, 75, 3833, 4286
744, 31.53, 22, 0, 21, 0, 128, 90, 3838, 4289
745, 31.57, 21, 0, 22, 0, 169, 119, 3844, 4294
746, 31.62, 20, 3, 21, 0, 125, 147, 3850, 4301
747, 31.65, 20, 9, 21, 0, 79, 160, 3853, 4307
748, 31.69, 19, 11, 21, 0, 59, 241, 3854, 4317
749, 31.73, 19, 12, 21, 0, 21, 295, 3854, 4328
750, 31.77, 19, 10, 21, 0, -92, 348, 3850, 4342
751, 31.81, 20, 7, 21, 0, -94, 316, 3848, 4354
752, 31.85, 22, 1, 21, 0, 75, 185, 3852, 4361
753, 31.89, 22, 0, 22, 0, 161, 85, 3860, 4364
754, 31.93, 22, 0, 22, 0, 120, 79, 3865, 4368
755, 31.98, 21, 1, 21, 0, 99, 176, 3869, 4375
756, 32.02, 21, 2, 21, 0, 103, 189, 3874, 4384
757, 32.06, 21, 2, 21, 0, 159, 177, 3880, 4391
758, 32.11, 21, 3, 21, 0, 111, 187, 3884, 4400
759, 32.15, 21, 4, 21, 0, 49, 158, 3886, 4406
760, 32.20000000000001, 21, 4, 21, 0, 73, 180, 3889, 4413
761, 32.23, 21, 2, 21, 0, 61, 255, 3890, 4424
762, 32.27, 21, 1, 21, 0, 28, 224, 3892, 4432
763, 32.31, 22, 0, 21, 0, 124, 145, 3897, 4438
764, 32.35, 22, 0, 21, 0, 160, 113, 3904, 4442
765, 32.39, 22, 0, 21, 0, 115, 115, 3910, 4449
766, 32.44, 22, 0, 21, 0, 125, 133, 3916, 4454
767, 32.49000000000001, 22, 0, 21, 0, 138, 146, 3921, 4461
768, 32.54, 21, 0, 21, 0, 127, 135, 3928, 4468
769, 32.58, 21, 0, 21, 0, 117, 138, 3932, 4473
770, 32.62, 19, 0, 21, 0, 65, 182, 3934, 4480
771, 32.66, 19, 1, 21, 0, 68, 195, 3937, 4488
772, 32.7, 18, 3, 21, 0, 62, 247, 3938, 4497
773, 32.73, 17, 6, 21, 0, -38, 329, 3936, 4508
774, 32.77000000000001, 17, 10, 21, 0, -112, 355, 3932, 4523
775, 32.81000000000001, 17, 11, 21, 0, -80, 347, 3930, 4538
776, 32.86, 18, 10, 21, 0, -23, 332, 3930, 4551
777, 32.89, 19, 9, 21, 0, -76, 311, 3927, 4563
778, 32.93, 19, 7, 21, 0, -85, 279, 3924, 4574
779, 32.97, 20, 4, 21, 0, -59, 256, 3924, 4584
780, 33.01, 22, 0, 22, 0, 0, 223, 3925, 4592
781, 33.05, 22, 0, 21, 0, 89, 174, 3930, 4600
782, 33.09000000000001, 22, 0, 21, 0, 119, 128, 3934, 4604
783, 33.13000000000001, 22, 0, 21, 0, 120, 95, 3939, 4608
784, 33.17, 21, 2, 22, 0, 113, 151, 3944, 4614
785, 33.23, 21, 4, 21, 0, 81, 185, 3948, 4626
786, 33.27, 21, 4, 22, 0, 87, 176, 3952, 4632
787, 33.31, 21, 5, 22, 0, 85, 187, 3955, 4640
788, 33.36, 21, 7, 22, 0, 66, 221, 3956, 4652
789, 33.4, 21, 4, 21, 0, 62, 199, 3959, 4660
790, 33.45000000000001, 22, 2, 22, 0, 84, 206, 3963, 4670
791, 33.49, 22, 2, 22, 0, 43, 183, 3965, 4677
792, 33.53, 22, 0, 22, 0, 109, 146, 3970, 4682
793, 33.57, 22, 1, 22, 0, 179, 90, 3976, 4686
794, 33.62, 22, 2, 22, 0, 94, 152, 3982, 4693
795, 33.66, 22, 5, 22, 0, 47, 218, 3984, 4702
796, 33.70000000000001, 22, 1, 22, 0, 84, 191, 3987, 4710
797, 33.74000000000001, 23, 0, 22, 0, 134, 155, 3992, 4715
798, 33.78, 22, 0, 22, 0, 85, 159, 3995, 4722
799, 33.81, 23, 0, 22, 0, 69, 161, 3998, 4728
800, 33.85, 22, 0, 21, 0, 159, 117, 4004, 4732
801, 33.9, 23, 0, 22, 0, 142, 114, 4009, 4737
802, 33.93, 23, 0, 22, 0, 71, 182, 4012, 4744
803, 33.97, 22, 0, 21, 0, 128, 168, 4018, 4751
804, 34.01, 23, 0, 22, 0, 154, 121, 4023, 4756
805, 34.05, 23, 0, 22, 0, 72, 148, 4026, 4762
806, 34.09000000000001, 22, 0, 22, 0, 70, 168, 4030, 4768
807, 34.13, 22, 0, 22, 0, 173, 137, 4036, 4773
808, 34.17, 20, 0, 22, 0, 129, 149, 4039, 4779
809, 34.21, 18, 0, 22, 0, 49, 204, 4040, 4787
810, 34.25, 17, 0, 22, 0, 38, 265, 4042, 4798
811, 34.29, 15, 0, 21, 0, -18, 333, 4039, 4812
812, 34.33, 14, 5, 21, 0, -150, 396, 4033, 4828
813, 34.38000000000001, 13, 11, 22, 0, -95, 430, 4028, 4847
814, 34.43, 14, 12, 22, 0, -197, 471, 4018, 4871
815, 34.47, 17, 10, 22, 0, -309, 518, 4006, 4892
816, 34.52, 20, 1, 22, 0, -230, 482, 3995, 4916
817, 34.56, 24, 0, 22, 0, -81, 387, 3992, 4931
818, 34.59000000000001, 24, 0, 22, 0, -46, 279, 3991, 4940
819, 34.63000000000001, 25, 0, 22, 0, -33, 238, 3990, 4951
820, 34.67000000000001, 24, 0, 22, 0, 15, 176, 3992, 4958
821, 34.71, 24, 0, 22, 0, 169, 84, 3999, 4962
822, 34.75, 24, 0, 22, 0, 164, 73, 4004, 4964
823, 34.79, 24, 0, 22, 0, 83, 182, 4008, 4972
824, 34.84, 24, 0, 22, 0, 165, 140, 4015, 4978
825, 34.88, 23, 0, 22, 0, 191, 47, 4024, 4980
826, 34.92, 23, 0, 22, 0, 120, 118, 4028, 4985
827, 34.96, 22, 2, 22, 0, 95, 181, 4032, 4992
828, 35.0, 22, 2, 22, 0, 133, 141, 4037, 4998
829, 35.03, 22, 4, 22, 0, 81, 149, 4040, 5003
830, 35.07, 22, 7, 22, 0, 72, 195, 4043, 5011
831, 35.11, 21, 8, 22, 0, 103, 178, 4046, 5017
832, 35.15, 22, 9, 22, 0, 69, 179, 4049, 5024
833, 35.18, 21, 10, 22, 0, 45, 221, 4050, 5032
834, 35.22, 21, 9, 22, 0, 19, 230, 4050, 5040
835, 35.26, 22, 6, 22, 0, 56, 221, 4052, 5048
836, 35.29, 23, 3, 22, 0, 115, 181, 4057, 5055
837, 35.34000000000001, 22, 5, 22, 0, 96, 153, 4062, 5062
838, 35.38, 22, 4, 22, 0, 91, 134, 4065, 5067
839, 35.42, 22, 4, 22, 0, 152, 109, 4071, 5071
840, 35.45, 22, 5, 22, 0, 121, 132, 4075, 5077
841, 35.49, 22, 8, 22, 0, 68, 198, 4078, 5084
842, 35.53, 21, 8, 22, 0, 79, 190, 4081, 5092
843, 35.57, 22, 7, 22, 0, 95, 161, 4084, 5098
844, 35.61, 22, 5, 22, 0, 98, 156, 4088, 5104
845, 35.64, 22, 5, 22, 0, 84, 178, 4092, 5111
846, 35.69, 22, 6, 22, 0, 85, 169, 4096, 5118
847, 35.73, 22, 4, 22, 0, 111, 169, 4100, 5125
848, 35.77, 22, 3, 22, 0, 84, 172, 4103, 5131
849, 35.81, 23, 3, 22, 0, 86, 169, 4106, 5138
850, 35.85, 22, 1, 22, 0, 93, 162, 4110, 5144
851, 35.88000000000001, 23, 1, 22, 0, 75, 171, 4113, 5150
852, 35.92000000000001, 23, 2, 22, 0, 105, 158, 4117, 5156
853, 35.96, 23, 1, 22, 0, 137, 111, 4122, 5160
854, 35.99, 23, 0, 22, 0, 141, 120, 4128, 5166
855, 36.04, 23, 1, 22, 0, 134, 138, 4133, 5171
856, 36.08, 23, 0, 22, 0, 103, 136, 4137, 5176
857, 36.12, 23, 1, 22, 0, 142, 139, 4142, 5181
858, 36.15, 23, 0, 22, 0, 137, 124, 4146, 5185
859, 36.18, 23, 0, 22, 0, 122, 122, 4150, 5189
860, 36.22, 23, 0, 22, 0, 143, 123, 4156, 5194
861, 36.25, 23, 0, 22, 0, 126, 132, 4161, 5200
862, 36.29, 23, 0, 22, 0, 118, 136, 4166, 5204
863, 36.33, 24, 2, 23, 0, 144, 137, 4171, 5209
864, 36.37, 23, 1, 22, 0, 140, 99, 4177, 5213
865, 36.41, 22, 1, 22, 0, 191, 71, 4185, 5216
866, 36.46, 22, 2, 22, 0, 154, 89, 4192, 5221
867, 36.5, 22, 4, 22, 0, 88, 180, 4194, 5228
868, 36.53, 22, 5, 22, 0, 36, 251, 4195, 5238
869, 36.57, 23, 1, 22, 0, 51, 182, 4198, 5244
870, 36.61, 23, 0, 22, 0, 122, 139, 4202, 5249
871, 36.64, 23, 0, 22, 0, 141, 142, 4208, 5255
872, 36.69, 23, 0, 22, 0, 118, 134, 4212, 5260
873, 36.72, 23, 0, 22, 0, 122, 116, 4218, 5265
874, 36.77, 24, 0, 22, 0, 149, 124, 4224, 5271
875, 36.81, 24, 0, 22, 0, 128, 130, 4230, 5276
876, 36.85, 23, 0, 22, 0, 189, 74, 4237, 5278
877, 36.89, 24, 0, 22, 0, 181, 87, 4244, 5282
878, 36.93, 23, 1, 22, 0, 100, 138, 4247, 5287
879, 36.96, 23, 0, 22, 0, 108, 150, 4252, 5293
880, 37.0, 23, 0, 22, 0, 155, 126, 4257, 5298
881, 37.04, 23, 0, 22, 0, 126, 124, 4262, 5302
882, 37.08, 23, 0, 22, 0, 127, 146, 4267, 5308
883, 37.12, 23, 0, 22, 0, 123, 140, 4272, 5313
884, 37.15, 23, 0, 22, 0, 143, 113, 4277, 5318
885, 37.20000000000001, 23, 0, 22, 0, 126, 128, 4282, 5323
886, 37.25, 23, 0, 22, 0, 166, 130, 4290, 5329
887, 37.29, 23, 0, 22, 0, 185, 65, 4298, 5332
888, 37.33, 22, 0, 22, 0, 126, 110, 4304, 5337
889, 37.38, 23, 1, 22, 0, 85, 184, 4308, 5344
890, 37.41, 23, 0, 22, 0, 69, 197, 4310, 5351
891, 37.45000000000001, 23, 0, 22, 0, 100, 159, 4314, 5358
892, 37.49000000000001, 24, 0, 22, 0, 157, 112, 4321, 5362
893, 37.53, 23, 0, 22, 0, 165, 87, 4328, 5366
894, 37.58, 20, 0, 23, 0, 166, 87, 4336, 5370
895, 37.62, 18, 0, 22, 0, 141, 157, 4341, 5377
896, 37.67, 14, 0, 22, 0, 70, 249, 4342, 5386
897, 37.7, 11, 1, 22, 0, -16, 307, 4340, 5397
898, 37.74, 11, 6, 22, 0, -82, 372, 4336, 5412
899, 37.78, 10, 14, 22, 0, -127, 431, 4332, 5428
900, 37.81000000000001, 9, 22, 22, 0, -166, 493, 4325, 5446
901, 37.85, 11, 25, 22, 0, -297, 545, 4312, 5469
902, 37.89, 12, 25, 22, 0, -390, 606, 4299, 5490
903, 37.93, 16, 18, 22, 0, -380, 630, 4284, 5514
904, 37.97, 22, 2, 22, 0, -253, 565, 4273, 5538
905, 38.01, 24, 0, 22, 0, -172, 482, 4267, 5558
906, 38.05, 24, 0, 22, 0, -135, 351, 4261, 5571
907, 38.09000000000001, 25, 3, 22, 0, -100, 273, 4258, 5583
908, 38.13000000000001, 24, 6, 22, 0, -51, 235, 4257, 5592
909, 38.17, 25, 8, 22, 0, 0, 195, 4258, 5600
910, 38.21, 24, 13, 22, 0, 104, 179, 4263, 5606
911, 38.24, 25, 18, 22, 0, 145, 145, 4268, 5612
912, 38.28, 24, 19, 22, 0, 67, 128, 4270, 5616
913, 38.32, 24, 20, 22, 0, 100, 144, 4274, 5622
914, 38.36, 24, 21, 22, 0, 118, 164, 4280, 5628
915, 38.4, 24, 23, 22, 0, 143, 139, 4284, 5633
916, 38.44, 24, 25, 22, 0, 183, 74, 4294, 5636
917, 38.48, 24, 24, 22, 0, 176, 61, 4300, 5639
918, 38.52, 24, 24, 22, 0, 158, 95, 4306, 5642
919, 38.55, 24, 23, 22, 0, 168, 96, 4312, 5646
920, 38.6, 24, 23, 22, 0, 176, 95, 4318, 5649
921, 38.63, 24, 23, 22, 0, 171, 87, 4326, 5653
922, 38.67000000000001, 24, 23, 22, 0, 171, 104, 4332, 5657
923, 38.70000000000001, 25, 23, 22, 0, 166, 81, 4338, 5660
924, 38.74000000000001, 24, 23, 22, 0, 173, 83, 4344, 5664
925, 38.79, 23, 23, 22, 0, 172, 90, 4352, 5667
926, 38.83, 24, 23, 22, 0, 153, 112, 4359, 5672
927, 38.88, 24, 23, 22, 0, 116, 144, 4364, 5679
928, 38.92, 24, 25, 22, 0, 168, 92, 4372, 5683
929, 38.96, 24, 27, 22, 0, 205, 66, 4380, 5686
930, 39.0, 24, 28, 22, 0, 174, 72, 4385, 5688
931, 39.03, 24, 26, 22, 0, 155, 94, 4391, 5692
932, 39.07, 24, 27, 22, 0, 167, 98, 4398, 5696
933, 39.11, 24, 29, 22, 0, 167, 83, 4403, 5698
934, 39.14, 25, 30, 22, 0, 179, 90, 4410, 5702
935, 39.19, 24, 30, 22, 0, 173, 99, 4417, 5706
936, 39.23, 24, 30, 22, 0, 167, 82, 4425, 5710
937, 39.27, 24, 31, 22, 0, 163, 73, 4432, 5713
938, 39.31000000000001, 24, 32, 22, 0, 162, 101, 4437, 5716
939, 39.35, 24, 31, 22, 0, 173, 96, 4444, 5720
940, 39.38000000000001, 24, 33, 22, 0, 170, 80, 4451, 5724
941, 39.43, 24, 35, 21, 0, 204, 73, 4460, 5726
942, 39.48, 24, 35, 21, 0, 224, 39, 4470, 5728
943, 39.52, 24, 34, 22, 0, 185, 50, 4478, 5731
944, 39.56, 24, 32, 22, 0, 129, 129, 4484, 5736
945, 39.6, 24, 33, 21, 0, 170, 94, 4490, 5740
946, 39.64, 24, 35, 21, 0, 203, 51, 4500, 5742
947, 39.69, 24, 36, 21, 0, 215, 47, 4510, 5745
948, 39.73, 24, 34, 21, 0, 218, 84, 4518, 5748
949, 39.77, 24, 35, 22, 0, 207, 55, 4528, 5750
950, 39.82, 23, 34, 22, 0, 184, 34, 4536, 5752
951, 39.86, 24, 33, 21, 0, 134, 132, 4541, 5757
952, 39.9, 23, 34, 21, 0, 136, 96, 4547, 5761
953, 39.95000000000001, 24, 37, 22, 0, 263, 19, 4559, 5762
954, 39.99000000000001, 24, 37, 22, 0, 272, 12, 4570, 5763
955, 40.03, 23, 35, 22, 0, 165, 122, 4576, 5768
956, 40.07000000000001, 24, 34, 22, 0, 133, 147, 4582, 5774
957, 40.11, 24, 35, 22, 0, 111, 121, 4586, 5778
958, 40.15, 24, 38, 22, 0, 129, 87, 4592, 5782
959, 40.21, 24, 39, 22, 0, 224, 94, 4602, 5788
960, 40.25, 24, 40, 22, 0, 191, 92, 4612, 5791
961, 40.29, 24, 41, 21, 0, 146, 81, 4617, 5794
962, 40.33, 24, 41, 21, 0, 197, 46, 4624, 5795
963, 40.36, 24, 42, 21, 0, 229, 38, 4633, 5797
964, 40.4, 24, 41, 21, 0, 219, 38, 4642, 5799
965, 40.46, 24, 39, 21, 0, 216, 63, 4654, 5802
966, 40.5, 23, 39, 22, 0, 210, 75, 4662, 5806
967, 40.55, 24, 39, 22, 0, 139, 87, 4670, 5810
968, 40.59, 24, 39, 21, 0, 157, 93, 4677, 5814
969, 40.64, 24, 39, 21, 0, 152, 106, 4683, 5818
970, 40.68000000000001, 24, 41, 21, 0, 189, 82, 4690, 5821
971, 40.72, 24, 42, 21, 0, 225, 46, 4698, 5822
972, 40.75, 24, 42, 21, 0, 225, 46, 4707, 5822
973, 40.79, 24, 41, 21, 0, 212, 68, 4716, 5825
974, 40.83, 24, 38, 21, 0, 211, 80, 4726, 5830
975, 40.88, 24, 39, 21, 0, 179, 51, 4733, 5831
976, 40.92000000000001, 24, 38, 22, 0, 151, 86, 4739, 5835
977, 40.97, 23, 37, 21, 0, 185, 95, 4747, 5840
978, 41.01, 24, 39, 21, 0, 263, 69, 4758, 5840
979, 41.04, 23, 38, 21, 0, 250, 20, 4766, 5841
980, 41.08, 23, 36, 22, 0, 178, 45, 4774, 5844
981, 41.13, 24, 35, 22, 0, 148, 143, 4780, 5849
982, 41.17, 23, 36, 22, 0, 152, 114, 4787, 5854
983, 41.21, 24, 37, 21, 0, 116, 103, 4792, 5859
984, 41.26, 24, 38, 21, 0, 166, 99, 4799, 5864
985, 41.3, 24, 41, 21, 0, 246, 71, 4808, 5865
986, 41.34, 24, 41, 21, 0, 281, 17, 4819, 5864
987, 41.38000000000001, 23, 37, 22, 0, 220, 21, 4828, 5866
988, 41.42, 24, 35, 22, 0, 155, 131, 4835, 5872
989, 41.47, 24, 35, 22, 0, 188, 67, 4844, 5875
990, 41.51, 23, 37, 22, 0, 150, 43, 4850, 5877
991, 41.56000000000001, 23, 35, 22, 0, 109, 175, 4856, 5884
992, 41.6, 23, 36, 21, 0, 206, 93, 4864, 5888
993, 41.64000000000001, 24, 39, 21, 0, 217, 23, 4875, 5888
994, 41.68, 23, 38, 21, 0, 177, 16, 4881, 5890
995, 41.72, 24, 36, 21, 0, 175, 123, 4888, 5894
996, 41.76, 23, 35, 21, 0, 200, 98, 4895, 5898
997, 41.8, 24, 37, 21, 0, 192, 37, 4904, 5899
998, 41.84, 23, 35, 21, 0, 159, 95, 4911, 5904
999, 41.88000000000001, 23, 35, 21, 0, 173, 94, 4918, 5908
1000, 41.93000000000001, 23, 38, 21, 0, 224, 65, 4927, 5908
1001, 41.97, 24, 36, 21, 0, 194, 19, 4938, 5910
1002, 42.02000000000001, 24, 32, 22, 0, 149, 138, 4946, 5917
1003, 42.07, 23, 32, 21, 0, 168, 123, 4953, 5922
1004, 42.11, 23, 36, 21, 0, 173, 52, 4958, 5924
1005, 42.15, 23, 35, 21, 0, 174, 82, 4966, 5927
1006, 42.19, 24, 35, 21, 0, 170, 109, 4974, 5932
1007, 42.24, 24, 35, 21, 0, 194, 83, 4982, 5934
1008, 42.27, 24, 37, 21, 0, 242, 39, 4991, 5936
1009, 42.31000000000001, 23, 35, 21, 0, 215, 29, 4999, 5936
1010, 42.36, 23, 32, 22, 0, 164, 59, 5008, 5941
1011, 42.4, 23, 31, 21, 0, 122, 134, 5012, 5946
1012, 42.45, 24, 33, 21, 0, 181, 99, 5020, 5950
1013, 42.48, 24, 37, 21, 0, 191, 66, 5028, 5953
1014, 42.52000000000001, 24, 35, 21, 0, 120, 135, 5032, 5959
1015, 42.57000000000001, 23, 35, 21, 0, 154, 133, 5038, 5964
1016, 42.61, 24, 39, 20, 0, 189, 68, 5048, 5966
1017, 42.66, 23, 40, 20, 0, 197, 50, 5056, 5969
1018, 42.7, 24, 39, 21, 0, 224, 60, 5066, 5972
1019, 42.74, 24, 38, 21, 0, 201, 46, 5074, 5973
1020, 42.78, 24, 36, 21, 0, 215, 37, 5082, 5975
1021, 42.82, 24, 35, 21, 0, 187, 83, 5089, 5978
1022, 42.87, 23, 35, 21, 0, 181, 86, 5098, 5982
1023, 42.92000000000001, 23, 35, 21, 0, 218, 36, 5110, 5984
1024, 42.96, 23, 34, 21, 0, 183, 54, 5117, 5987
1025, 43.0, 24, 31, 21, 0, 155, 111, 5122, 5991
1026, 43.04, 23, 32, 20, 0, 174, 97, 5131, 5996
1027, 43.09, 23, 35, 20, 0, 205, 53, 5140, 5998
1028, 43.13000000000001, 23, 34, 21, 0, 220, 39, 5148, 6000
1029, 43.17, 24, 32, 21, 0, 205, 61, 5156, 6002
1030, 43.2, 23, 30, 21, 0, 155, 104, 5162, 6006
1031, 43.24000000000001, 23, 31, 21, 0, 157, 105, 5169, 6011
1032, 43.3, 23, 32, 21, 0, 178, 80, 5177, 6015
1033, 43.34000000000001, 24, 33, 21, 0, 198, 64, 5185, 6017
1034, 43.38, 24, 33, 21, 0, 229, 37, 5194, 6018
1035, 43.41, 24, 31, 21, 0, 185, 93, 5201, 6022
1036, 43.46, 24, 30, 21, 0, 162, 114, 5208, 6026
1037, 43.50000000000001, 23, 32, 21, 0, 202, 53, 5216, 6028
1038, 43.53000000000001, 24, 31, 21, 0, 220, 34, 5225, 6029
1039, 43.57, 23, 29, 21, 0, 212, 42, 5232, 6031
1040, 43.61, 24, 27, 21, 0, 196, 70, 5240, 6034
1041, 43.66, 24, 27, 22, 0, 207, 68, 5250, 6036
1042, 43.71, 23, 26, 22, 0, 191, 43, 5259, 6040
1043, 43.74000000000001, 23, 23, 22, 0, 139, 120, 5266, 6045
1044, 43.79, 24, 25, 22, 0, 157, 117, 5272, 6050
1045, 43.83, 23, 26, 21, 0, 90, 146, 5276, 6056
1046, 43.87, 24, 28, 21, 0, 47, 217, 5278, 6064
1047, 43.91, 24, 31, 20, 0, 90, 161, 5282, 6071
1048, 43.96, 24, 36, 20, 0, 221, 92, 5291, 6072
1049, 44.0, 24, 39, 20, 0, 269, 8, 5302, 6071
1050, 44.04, 23, 37, 20, 0, 259, -21, 5314, 6071
1051, 44.08, 23, 33, 21, 0, 222, 85, 5324, 6074
1052, 44.12, 24, 30, 21, 0, 179, 99, 5331, 6078
1053, 44.17000000000001, 24, 30, 21, 0, 190, 46, 5338, 6079
1054, 44.21, 23, 31, 22, 0, 192, 25, 5347, 6080
1055, 44.25, 24, 28, 21, 0, 164, 112, 5356, 6086
1056, 44.3, 24, 27, 21, 0, 148, 144, 5361, 6091
1057, 44.34, 24, 29, 21, 0, 174, 72, 5369, 6094
1058, 44.37, 23, 31, 21, 0, 174, 62, 5375, 6097
1059, 44.42, 23, 31, 21, 0, 166, 102, 5382, 6101
1060, 44.46000000000001, 24, 32, 21, 0, 194, 72, 5390, 6104
1061, 44.5, 23, 32, 21, 0, 234, 48, 5398, 6105
1062, 44.53, 24, 30, 21, 0, 216, 28, 5408, 6107
1063, 44.58, 23, 28, 22, 0, 208, 69, 5416, 6109
1064, 44.61, 24, 26, 22, 0, 192, 67, 5423, 6112
1065, 44.66, 23, 27, 22, 0, 149, 93, 5429, 6115
1066, 44.70000000000001, 24, 26, 22, 0, 177, 81, 5436, 6118
1067, 44.73, 24, 27, 22, 0, 168, 94, 5443, 6123
1068, 44.77, 24, 26, 22, 0, 127, 146, 5448, 6129
1069, 44.82, 23, 27, 21, 0, 167, 116, 5455, 6133
1070, 44.86, 23, 31, 21, 0, 207, 61, 5464, 6135
1071, 44.9, 23, 30, 22, 0, 230, 28, 5474, 6136
1072, 44.94, 23, 27, 22, 0, 209, 26, 5483, 6138
1073, 45.0, 24, 24, 22, 0, 174, 88, 5494, 6143
1074, 45.05, 23, 23, 22, 0, 122, 111, 5498, 6148
1075, 45.08, 23, 25, 22, 0, 100, 156, 5504, 6154
1076, 45.13000000000001, 23, 27, 21, 0, 161, 116, 5511, 6159
1077, 45.18, 24, 29, 22, 0, 202, 53, 5522, 6162
1078, 45.22, 23, 28, 21, 0, 177, 86, 5530, 6167
1079, 45.28, 23, 27, 21, 0, 153, 121, 5538, 6172
1080, 45.33, 23, 30, 21, 0, 202, 81, 5548, 6174
1081, 45.38, 23, 30, 21, 0, 237, 23, 5559, 6175
1082, 45.42000000000001, 24, 28, 22, 0, 166, 61, 5567, 6180
1083, 45.47, 23, 28, 21, 0, 95, 196, 5571, 6188
1084, 45.51, 23, 29, 21, 0, 81, 136, 5575, 6194
1085, 45.56, 23, 33, 20, 0, 199, 63, 5584, 6197
1086, 45.61, 23, 34, 21, 0, 232, 44, 5597, 6200
1087, 45.67, 23, 34, 21, 0, 223, 26, 5609, 6201
1088, 45.72, 23, 32, 21, 0, 130, 166, 5615, 6208
1089, 45.77000000000001, 24, 31, 20, 0, 77, 159, 5619, 6216
1090, 45.81, 24, 36, 19, 0, 199, 73, 5627, 6217
1091, 45.85, 24, 38, 20, 0, 331, 0, 5644, 6216
1092, 45.9, 24, 34, 20, 0, 313, -32, 5659, 6214
1093, 45.95000000000001, 24, 28, 21, 0, 221, -11, 5672, 6214
1094, 46.01, 24, 25, 22, 0, 130, 69, 5680, 6219
1095, 46.07, 24, 25, 21, 0, 131, 156, 5686, 6227
1096, 46.11, 23, 28, 21, 0, 255, 22, 5697, 6226
1097, 46.16, 23, 26, 21, 0, 233, 87, 5708, 6230
1098, 46.21, 24, 23, 22, 0, 136, 156, 5714, 6238
1099, 46.26, 24, 25, 21, 0, 167, 57, 5722, 6239
1100, 46.31, 23, 24, 21, 0, 177, 35, 5731, 6242
1101, 46.35000000000001, 23, 22, 21, 0, 179, 142, 5739, 6248
1102, 46.4, 23, 21, 21, 0, 146, 142, 5745, 6254
1103, 46.43, 23, 23, 21, 0, 194, 62, 5752, 6256
1104, 46.48, 24, 26, 21, 0, 223, 62, 5762, 6256
1105, 46.52, 23, 21, 22, 0, 183, 18, 5770, 6258
1106, 46.56000000000001, 23, 18, 22, 0, 195, 95, 5779, 6262
1107, 46.6, 23, 18, 22, 0, 157, 109, 5786, 6268
1108, 46.65, 23, 19, 21, 0, 99, 161, 5790, 6274
1109, 46.70000000000001, 23, 22, 21, 0, 173, 89, 5796, 6278
1110, 46.73, 23, 24, 21, 0, 198, 48, 5804, 6280
1111, 46.77, 24, 23, 22, 0, 170, 89, 5812, 6285
1112, 46.82, 24, 22, 21, 0, 158, 116, 5819, 6290
1113, 46.87, 24, 23, 21, 0, 176, 74, 5827, 6293
1114, 46.91, 23, 24, 22, 0, 187, 61, 5836, 6296
1115, 46.96000000000001, 23, 23, 21, 0, 228, 50, 5846, 6298
1116, 47.0, 24, 22, 21, 0, 186, 85, 5854, 6302
1117, 47.04, 24, 21, 22, 0, 177, 72, 5862, 6305
1118, 47.08, 23, 22, 21, 0, 200, 54, 5870, 6307
1119, 47.13, 23, 21, 22, 0, 169, 68, 5876, 6311
1120, 47.17000000000001, 23, 19, 21, 0, 80, 176, 5880, 6318
1121, 47.21, 23, 20, 21, 0, 125, 149, 5885, 6323
1122, 47.26, 23, 26, 21, 0, 191, 61, 5896, 6326
1123, 47.3, 23, 27, 21, 0, 175, 86, 5902, 6330
1124, 47.34000000000001, 23, 26, 20, 0, 164, 98, 5910, 6335
1125, 47.39, 23, 27, 21, 0, 198, 69, 5918, 6338
1126, 47.43, 23, 28, 20, 0, 229, 55, 5928, 6338
1127, 47.48, 23, 25, 21, 0, 195, 17, 5936, 6340
1128, 47.51, 23, 23, 21, 0, 211, 88, 5944, 6343
1129, 47.55, 23, 23, 21, 0, 198, 76, 5952, 6346
1130, 47.59, 23, 23, 21, 0, 149, 95, 5958, 6350
1131, 47.63000000000001, 23, 22, 21, 0, 156, 114, 5964, 6354
1132, 47.68, 23, 25, 21, 0, 170, 64, 5974, 6358
1133, 47.72, 24, 26, 21, 0, 185, 77, 5980, 6361
1134, 47.76, 23, 25, 21, 0, 196, 91, 5989, 6364
1135, 47.81000000000001, 23, 26, 20, 0, 224, 50, 5998, 6366
1136, 47.85, 23, 26, 21, 0, 235, 21, 6007, 6366
1137, 47.89000000000001, 23, 22, 21, 0, 178, 33, 6015, 6370
1138, 47.92000000000001, 23, 19, 21, 0, 146, 146, 6020, 6375
1139, 47.97, 23, 22, 21, 0, 173, 97, 6027, 6379
1140, 48.00000000000001, 23, 24, 21, 0, 176, 66, 6034, 6382
1141, 48.04, 24, 24, 21, 0, 156, 82, 6040, 6384
1142, 48.08, 24, 25, 21, 0, 180, 93, 6047, 6388
1143, 48.12, 23, 26, 21, 0, 189, 84, 6054, 6391
1144, 48.15, 23, 25, 21, 0, 212, 53, 6062, 6393
1145, 48.19, 23, 25, 21, 0, 182, 41, 6069, 6395
1146, 48.23, 23, 24, 21, 0, 165, 96, 6075, 6398
1147, 48.27000000000001, 23, 24, 21, 0, 199, 62, 6083, 6401
1148, 48.31, 23, 25, 21, 0, 183, 50, 6090, 6403
1149, 48.35000000000001, 23, 24, 21, 0, 170, 103, 6097, 6408
1150, 48.38000000000001, 23, 23, 20, 0, 157, 98, 6104, 6412
1151, 48.43, 23, 25, 20, 0, 153, 76, 6110, 6415
1152, 48.48, 23, 27, 20, 0, 210, 63, 6121, 6418
1153, 48.53000000000001, 23, 27, 21, 0, 250, 31, 6132, 6419
1154, 48.57, 24, 24, 21, 0, 227, 39, 6141, 6421
1155, 48.61000000000001, 23, 21, 21, 0, 179, 63, 6149, 6424
1156, 48.65, 23, 21, 21, 0, 180, 65, 6157, 6427
1157, 48.69, 24, 21, 22, 0, 151, 135, 6163, 6432
1158, 48.73, 23, 22, 21, 0, 157, 133, 6170, 6437
1159, 48.78, 24, 23, 21, 0, 200, 65, 6178, 6438
1160, 48.82000000000001, 24, 24, 22, 0, 243, 22, 6189, 6438
1161, 48.86, 24, 21, 22, 0, 214, 60, 6199, 6442
1162, 48.91, 23, 18, 22, 0, 180, 105, 6206, 6446
1163, 48.94, 24, 16, 21, 0, 123, 113, 6211, 6451
1164, 48.99000000000001, 24, 18, 21, 0, 123, 124, 6216, 6456
1165, 49.03, 24, 21, 21, 0, 252, 22, 6228, 6456
1166, 49.08, 23, 22, 22, 0, 280, 22, 6240, 6457
1167, 49.12, 24, 20, 22, 0, 179, 50, 6248, 6459
1168, 49.16, 23, 16, 22, 0, 118, 144, 6252, 6465
1169, 49.20000000000001, 23, 15, 22, 0, 117, 145, 6256, 6470
1170, 49.24, 24, 20, 22, 0, 188, 57, 6263, 6472
1171, 49.28000000000001, 23, 22, 22, 0, 213, 45, 6273, 6474
1172, 49.32, 24, 21, 22, 0, 190, 90, 6280, 6478
1173, 49.36, 24, 19, 22, 0, 167, 105, 6286, 6482
1174, 49.4, 23, 19, 22, 0, 167, 74, 6292, 6485
1175, 49.43000000000001, 24, 20, 22, 0, 147, 82, 6298, 6489
1176, 49.47, 24, 19, 22, 0, 114, 136, 6302, 6494
1177, 49.51000000000001, 24, 23, 21, 0, 140, 140, 6308, 6500
1178, 49.55, 23, 25, 21, 0, 152, 128, 6314, 6505
1179, 49.59000000000001, 24, 27, 21, 0, 199, 63, 6322, 6508
1180, 49.63000000000001, 24, 29, 20, 0, 229, 47, 6332, 6508
1181, 49.68, 23, 28, 21, 0, 204, 30, 6341, 6510
1182, 49.72, 24, 26, 21, 0, 219, 76, 6350, 6513
1183, 49.76, 23, 26, 21, 0, 218, 57, 6358, 6515
1184, 49.8, 24, 26, 21, 0, 210, 44, 6366, 6516
1185, 49.84000000000001, 24, 25, 21, 0, 215, 37, 6376, 6519
1186, 49.88, 24, 25, 21, 0, 209, 67, 6384, 6522
1187, 49.92000000000001, 24, 23, 22, 0, 214, 60, 6392, 6522
1188, 49.96, 24, 21, 22, 0, 180, 55, 6399, 6526
1189, 50.0, 23, 21, 22, 0, 140, 127, 6405, 6530
1190, 50.04, 23, 21, 22, 0, 155, 125, 6412, 6536
1191, 50.09, 24, 23, 22, 0, 125, 131, 6418, 6542
1192, 50.13000000000001, 23, 25, 21, 0, 129, 128, 6422, 6546
1193, 50.17, 24, 27, 21, 0, 192, 90, 6430, 6548
1194, 50.21000000000001, 24, 29, 21, 0, 228, 36, 6438, 6549
1195, 50.24000000000001, 23, 29, 21, 0, 236, 24, 6448, 6550
1196, 50.29, 24, 28, 22, 0, 208, 77, 6458, 6554
1197, 50.34000000000001, 24, 26, 22, 0, 192, 94, 6466, 6557
1198, 50.37, 24, 25, 22, 0, 113, 96, 6471, 6562
1199, 50.42000000000001, 24, 27, 22, 0, 177, 74, 6478, 6565
1200, 50.47000000000001, 23, 30, 22, 0, 271, 45, 6492, 6566
1201, 50.51, 23, 28, 22, 0, 185, 19, 6500, 6567
1202, 50.55, 24, 25, 22, 0, 130, 176, 6505, 6574
1203, 50.6, 24, 25, 22, 0, 141, 140, 6512, 6582
1204, 50.65, 24, 30, 21, 0, 93, 73, 6516, 6585
1205, 50.69, 24, 32, 21, 0, 208, 94, 6526, 6589
1206, 50.73, 24, 34, 21, 0, 255, 53, 6535, 6591
1207, 50.78, 24, 33, 21, 0, 229, 27, 6545, 6591
1208, 50.82000000000001, 24, 32, 21, 0, 196, 65, 6552, 6594
1209, 50.85000000000001, 24, 31, 22, 0, 202, 89, 6560, 6597
1210, 50.89, 25, 33, 21, 0, 255, 0, 6573, 6596
1211, 50.94, 24, 31, 22, 0, 263, -22, 6582, 6596
1212, 50.98, 25, 26, 22, 0, 190, 51, 6592, 6600
1213, 51.02, 25, 23, 22, 0, 165, 98, 6597, 6604
1214, 51.06000000000001, 26, 23, 22, 0, 163, 56, 6604, 6606
1215, 51.09000000000001, 26, 25, 22, 0, 205, 40, 6612, 6607
1216, 51.13, 26, 24, 22, 0, 249, 31, 6620, 6608
1217, 51.17000000000001, 26, 21, 22, 0, 274, 31, 6632, 6608
1218, 51.21, 26, 14, 23, 0, 258, 17, 6644, 6608
1219, 51.26, 26, 9, 23, 0, 236, 8, 6655, 6608
1220, 51.3, 26, 6, 23, 0, 215, 28, 6663, 6610
1221, 51.34, 26, 4, 23, 0, 183, 95, 6670, 6614
1222, 51.38000000000001, 26, 1, 23, 0, 202, 61, 6678, 6616
1223, 51.42, 26, 1, 23, 0, 229, 35, 6688, 6617
1224, 51.46000000000001, 26, 0, 23, 0, 210, 31, 6696, 6619
1225, 51.5, 26, 0, 23, 0, 201, 58, 6704, 6621
1226, 51.54, 26, 0, 23, 0, 208, 61, 6713, 6624
1227, 51.58, 26, 0, 23, 0, 212, 44, 6721, 6625
1228, 51.62, 25, 0, 23, 0, 208, 38, 6728, 6626
1229, 51.66, 25, 0, 23, 0, 206, 77, 6736, 6630
1230, 51.71, 25, 0, 23, 0, 149, 113, 6744, 6635
1231, 51.75000000000001, 25, 0, 23, 0, 163, 89, 6750, 6639
1232, 51.79, 25, 0, 23, 0, 180, 77, 6758, 6642
1233, 51.82, 25, 0, 23, 0, 183, 68, 6764, 6645
1234, 51.86, 23, 0, 23, 0, 162, 96, 6770, 6648
1235, 51.9, 24, 0, 23, 0, 156, 110, 6776, 6653
1236, 51.94, 24, 0, 23, 0, 127, 132, 6780, 6658
1237, 51.98, 23, 0, 23, 0, 125, 112, 6786, 6662
1238, 52.01000000000001, 24, 0, 23, 0, 157, 102, 6790, 6665
1239, 52.05, 23, 0, 23, 0, 141, 146, 6796, 6672
1240, 52.10000000000001, 23, 0, 23, 0, 93, 179, 6800, 6678
1241, 52.13000000000001, 23, 0, 23, 0, 70, 187, 6804, 6687
1242, 52.18, 23, 0, 23, 0, 70, 178, 6806, 6694
1243, 52.22, 24, 0, 23, 0, 69, 202, 6810, 6702
1244, 52.27, 24, 0, 22, 0, 128, 138, 6816, 6711
1245, 52.32, 23, 0, 23, 0, 159, 98, 6822, 6715
1246, 52.36000000000001, 24, 0, 23, 0, 121, 120, 6828, 6720
1247, 52.4, 24, 0, 22, 0, 129, 141, 6834, 6725
1248, 52.44, 24, 2, 22, 0, 208, 58, 6842, 6728
1249, 52.5, 24, 4, 23, 0, 160, 99, 6852, 6732
1250, 52.54, 25, 5, 23, 0, 152, 107, 6858, 6737
1251, 52.58, 25, 7, 22, 0, 199, 71, 6866, 6739
1252, 52.62, 25, 9, 23, 0, 235, 44, 6876, 6740
1253, 52.66, 25, 9, 23, 0, 221, 22, 6886, 6741
1254, 52.71000000000001, 25, 8, 23, 0, 191, 96, 6893, 6746
1255, 52.75, 24, 7, 22, 0, 151, 119, 6900, 6750
1256, 52.79, 24, 10, 22, 0, 230, 87, 6909, 6752
1257, 52.84000000000001, 25, 12, 22, 0, 261, -13, 6924, 6751
1258, 52.89000000000001, 24, 8, 23, 0, 165, 60, 6931, 6756
1259, 52.93, 25, 6, 22, 0, 98, 159, 6935, 6763
1260, 52.98, 24, 10, 22, 0, 140, 100, 6941, 6768
1261, 53.02, 25, 14, 22, 0, 207, 54, 6949, 6769
1262, 53.05, 25, 17, 22, 0, 234, 32, 6959, 6770
1263, 53.1, 24, 17, 21, 0, 228, 60, 6968, 6772
1264, 53.13000000000001, 24, 20, 20, 0, 198, 68, 6975, 6775
1265, 53.18000000000001, 24, 23, 19, 0, 220, 43, 6984, 6776
1266, 53.21000000000001, 24, 28, 19, 0, 297, -16, 6997, 6774
1267, 53.26000000000001, 23, 32, 18, 0, 343, -83, 7010, 6771
1268, 53.3, 24, 30, 18, 0, 305, -64, 7024, 6770
1269, 53.34000000000001, 24, 24, 18, 0, 292, -21, 7034, 6770
1270, 53.38000000000001, 23, 15, 19, 0, 326, -76, 7048, 6767
1271, 53.42000000000001, 22, 3, 20, 0, 325, -89, 7061, 6764
1272, 53.46, 16, 0, 21, 0, 243, 0, 7071, 6764
1273, 53.50000000000001, 12, 0, 21, 0, 153, 75, 7078, 6768
1274, 53.54, 9, 0, 22, 0, 88, 186, 7082, 6776
1275, 53.59000000000001, 8, 0, 21, 0, 72, 224, 7082, 6785
1276, 53.63, 7, 0, 21, 0, -5, 305, 7081, 6799
1277, 53.69, 4, 19, 22, 0, -105, 414, 7076, 6818
1278, 53.72, 3, 33, 22, 0, -171, 432, 7068, 6836
1279, 53.76, 4, 37, 22, 0, -231, 410, 7060, 6850
1280, 53.8, 4, 37, 22, 0, -307, 372, 7049, 6867
1281, 53.84, 7, 29, 22, 0, -395, 368, 7030, 6881
1282, 53.88000000000001, 12, 16, 22, 0, -416, 387, 7014, 6897
1283, 53.92, 16, 3, 22, 0, -393, 405, 6999, 6912
1284, 53.96000000000001, 23, 0, 22, 0, -337, 341, 6987, 6924
1285, 54.0, 25, 0, 22, 0, -217, 199, 6978, 6933
1286, 54.04, 25, 0, 22, 0, -119, 125, 6973, 6938
1287, 54.09000000000001, 25, 1, 22, 0, -97, 87, 6968, 6942
1288, 54.13, 25, 4, 22, 0, -35, 61, 6967, 6944
1289, 54.17000000000001, 24, 3, 22, 0, 52, 34, 6968, 6945
1290, 54.20000000000001, 25, 2, 22, 0, 59, 32, 6970, 6947
1291, 54.24, 24, 2, 22, 0, 38, 96, 6972, 6951
1292, 54.28000000000001, 24, 2, 22, 0, 95, 82, 6977, 6954
1293, 54.32, 24, 4, 22, 0, 173, 46, 6983, 6956
1294, 54.36, 24, 0, 22, 0, 157, 74, 6990, 6959
1295, 54.4, 24, 0, 22, 0, 159, 116, 6994, 6963
1296, 54.43000000000001, 24, 0, 22, 0, 124, 80, 7000, 6966
1297, 54.48, 24, 0, 22, 0, 158, 81, 7006, 6970
1298, 54.52000000000001, 24, 0, 22, 0, 186, 93, 7015, 6974
1299, 54.57000000000001, 24, 0, 23, 0, 193, 96, 7024, 6978
1300, 54.61, 21, 0, 22, 0, 169, 100, 7030, 6982
1301, 54.65, 20, 0, 22, 0, 130, 110, 7036, 6987
1302, 54.69, 19, 5, 22, 0, 95, 169, 7039, 6993
1303, 54.73, 19, 9, 22, 0, 47, 244, 7040, 7002
1304, 54.77, 19, 11, 22, 0, 0, 306, 7039, 7014
1305, 54.81000000000001, 19, 11, 22, 0, -68, 319, 7036, 7025
1306, 54.85, 19, 9, 22, 0, -86, 343, 7033, 7039
1307, 54.88, 21, 4, 22, 0, -18, 306, 7033, 7053
1308, 54.94, 22, 0, 22, 0, 0, 245, 7034, 7064
1309, 54.97, 22, 0, 22, 0, 14, 179, 7034, 7070
1310, 55.01, 23, 0, 22, 0, 92, 132, 7038, 7074
1311, 55.04, 23, 0, 22, 0, 155, 124, 7044, 7080
1312, 55.08, 23, 0, 22, 0, 115, 139, 7048, 7085
1313, 55.12, 23, 0, 22, 0, 113, 136, 7052, 7090
1314, 55.16, 22, 0, 22, 0, 148, 138, 7058, 7095
1315, 55.2, 22, 0, 22, 0, 137, 121, 7064, 7100
1316, 55.24000000000001, 22, 0, 22, 0, 127, 133, 7069, 7106
1317, 55.28, 22, 0, 22, 0, 89, 169, 7073, 7113
1318, 55.32, 21, 0, 22, 0, 66, 186, 7076, 7119
1319, 55.36, 21, 0, 22, 0, 89, 186, 7080, 7126
1320, 55.39000000000001, 20, 0, 22, 0, 95, 186, 7083, 7134
1321, 55.43, 18, 0, 22, 0, 69, 179, 7086, 7141
1322, 55.47000000000001, 15, 0, 22, 0, 57, 229, 7086, 7150
1323, 55.51, 13, 0, 22, 0, -59, 333, 7083, 7162
1324, 55.55, 11, 0, 22, 0, -91, 398, 7079, 7177
1325, 55.59000000000001, 7, 0, 22, 0, -165, 494, 7072, 7198
1326, 55.64, 6, 0, 22, 0, -285, 545, 7058, 7225
1327, 55.69, 7, 0, 21, 0, -388, 607, 7042, 7253
1328, 55.73, 9, 0, 20, 0, -396, 652, 7025, 7279
1329, 55.77000000000001, 12, 0, 20, 0, -345, 641, 7010, 7306
1330, 55.81, 17, 0, 20, 0, -250, 538, 6999, 7330
1331, 55.85000000000001, 19, 0, 21, 0, -199, 442, 6992, 7346
1332, 55.89, 22, 0, 21, 0, -145, 357, 6986, 7361
1333, 55.93, 23, 0, 21, 0, -78, 295, 6984, 7374
1334, 55.97, 23, 0, 22, 0, -23, 226, 6984, 7384
1335, 56.02, 23, 0, 22, 0, 16, 207, 6986, 7392
1336, 56.06000000000001, 23, 0, 22, 0, 63, 159, 6990, 7397
1337, 56.09000000000001, 23, 0, 22, 0, 164, 94, 6998, 7402
1338, 56.14000000000001, 22, 0, 22, 0, 122, 109, 7002, 7407
1339, 56.18, 20, 0, 22, 0, 90, 170, 7006, 7414
1340, 56.22, 19, 2, 22, 0, 65, 222, 7008, 7422
1341, 56.26, 19, 7, 22, 0, 0, 297, 7006, 7434
1342, 56.3, 19, 8, 22, 0, -81, 318, 7004, 7446
1343, 56.34, 19, 9, 22, 0, -43, 310, 7003, 7459
1344, 56.38000000000001, 20, 6, 22, 0, -16, 291, 7003, 7470
1345, 56.41, 21, 4, 22, 0, -13, 274, 7002, 7480
1346, 56.45, 21, 3, 22, 0, -44, 268, 7001, 7491
1347, 56.49000000000001, 22, 2, 22, 0, 18, 223, 7002, 7500
1348, 56.53, 22, 0, 22, 0, 117, 181, 7006, 7506
1349, 56.56000000000001, 23, 0, 22, 0, 127, 151, 7010, 7512
1350, 56.6, 23, 0, 22, 0, 51, 139, 7012, 7517
1351, 56.64000000000001, 22, 0, 22, 0, 59, 166, 7014, 7524
1352, 56.68, 22, 0, 22, 0, 153, 161, 7020, 7530
1353, 56.72000000000001, 22, 0, 22, 0, 153, 137, 7026, 7536
1354, 56.76, 22, 2, 22, 0, 98, 145, 7030, 7541
1355, 56.8, 22, 3, 22, 0, 138, 115, 7036, 7546
1356, 56.84000000000001, 22, 4, 22, 0, 121, 130, 7040, 7551
1357, 56.88000000000001, 21, 8, 22, 0, 53, 190, 7042, 7559
1358, 56.92, 21, 7, 22, 0, 81, 205, 7045, 7567
1359, 56.96000000000001, 21, 7, 22, 0, 66, 237, 7047, 7576
1360, 57.0, 21, 5, 22, 0, 52, 230, 7047, 7585
1361, 57.04000000000001, 22, 3, 22, 0, 23, 192, 7049, 7593
1362, 57.08, 23, 0, 22, 0, 84, 173, 7053, 7600
1363, 57.12, 23, 0, 22, 0, 124, 152, 7058, 7606
1364, 57.16, 23, 0, 22, 0, 93, 168, 7061, 7613
1365, 57.20000000000001, 22, 0, 22, 0, 86, 162, 7065, 7619
1366, 57.23, 22, 0, 22, 0, 130, 124, 7070, 7624
1367, 57.28000000000001, 23, 0, 22, 0, 110, 152, 7076, 7631
1368, 57.32, 22, 0, 22, 0, 132, 136, 7080, 7636
1369, 57.36000000000001, 23, 0, 22, 0, 139, 129, 7086, 7641
1370, 57.4, 22, 0, 22, 0, 75, 172, 7088, 7648
1371, 57.43, 22, 0, 22, 0, 82, 178, 7092, 7654
1372, 57.47, 22, 0, 22, 0, 92, 184, 7096, 7661
1373, 57.51, 23, 0, 22, 0, 84, 168, 7099, 7668
1374, 57.55, 23, 0, 22, 0, 103, 142, 7103, 7673
1375, 57.59, 23, 0, 22, 0, 144, 114, 7109, 7678
1376, 57.63000000000001, 23, 0, 22, 0, 119, 142, 7114, 7683
1377, 57.68000000000001, 22, 0, 22, 0, 74, 175, 7117, 7691
1378, 57.71000000000001, 23, 0, 22, 0, 113, 140, 7122, 7696
1379, 57.75, 23, 0, 22, 0, 157, 122, 7128, 7701
1380, 57.79, 23, 0, 22, 0, 71, 174, 7130, 7708
1381, 57.83, 23, 0, 22, 0, 83, 155, 7134, 7713
1382, 57.87, 23, 0, 22, 0, 157, 97, 7140, 7717
1383, 57.91, 23, 0, 22, 0, 155, 130, 7145, 7722
1384, 57.94, 23, 0, 22, 0, 113, 148, 7150, 7728
1385, 57.99, 24, 0, 22, 0, 137, 129, 7155, 7733
1386, 58.02, 23, 0, 22, 0, 122, 111, 7160, 7737
1387, 58.07, 23, 0, 22, 0, 130, 128, 7166, 7744
1388, 58.11, 22, 0, 22, 0, 130, 133, 7172, 7750
1389, 58.16, 23, 0, 22, 0, 96, 121, 7176, 7754
1390, 58.2, 23, 0, 22, 0, 74, 193, 7180, 7764
1391, 58.24000000000001, 23, 0, 21, 0, 117, 188, 7185, 7770
1392, 58.28, 23, 0, 21, 0, 193, 127, 7192, 7775
1393, 58.33, 23, 0, 22, 0, 117, 94, 7198, 7779
1394, 58.37, 23, 0, 21, 0, 92, 140, 7202, 7785
1395, 58.4, 23, 0, 22, 0, 144, 97, 7208, 7789
1396, 58.45000000000001, 23, 0, 22, 0, 196, 80, 7216, 7792
1397, 58.49, 23, 0, 21, 0, 226, 78, 7225, 7796
1398, 58.53000000000001, 23, 0, 22, 0, 188, 44, 7234, 7798
1399, 58.58000000000001, 23, 0, 22, 0, 150, 62, 7239, 7801
1400, 58.62, 23, 0, 21, 0, 79, 188, 7242, 7810
1401, 58.66, 23, 0, 22, 0, 71, 149, 7247, 7816
1402, 58.70000000000001, 24, 0, 22, 0, 224, 87, 7256, 7820
1403, 58.75, 24, 0, 22, 0, 185, 42, 7264, 7822
1404, 58.79, 24, 0, 22, 0, 154, 98, 7270, 7826
1405, 58.83, 24, 0, 22, 0, 179, 137, 7277, 7831
1406, 58.87, 24, 0, 22, 0, 171, 84, 7284, 7834
1407, 58.91, 24, 0, 22, 0, 164, 74, 7291, 7837
1408, 58.95, 24, 0, 22, 0, 161, 100, 7297, 7841
1409, 58.99000000000001, 23, 0, 22, 0, 161, 98, 7304, 7845
1410, 59.02000000000001, 23, 1, 22, 0, 196, 86, 7311, 7848
1411, 59.07, 22, 3, 22, 0, 172, 101, 7318, 7853
1412, 59.1, 22, 7, 22, 0, 86, 154, 7321, 7858
1413, 59.14000000000001, 22, 6, 22, 0, 54, 153, 7324, 7865
1414, 59.18, 22, 6, 22, 0, 84, 164, 7328, 7872
1415, 59.23, 21, 6, 22, 0, 111, 172, 7332, 7879
1416, 59.27, 20, 3, 21, 0, 65, 185, 7334, 7886
1417, 59.31000000000001, 20, 0, 22, 0, 37, 253, 7336, 7897
1418, 59.35, 22, 0, 23, 0, 57, 272, 7338, 7908
1419, 59.39, 22, 0, 23, 0, 52, 261, 7338, 7918
1420, 59.43000000000001, 24, 0, 24, 0, 21, 242, 7338, 7928
1421, 59.47, 24, 0, 25, 0, 9, 235, 7338, 7937
1422, 59.51000000000001, 25, 0, 25, 0, 67, 203, 7342, 7945
1423, 59.54000000000001, 26, 0, 25, 0, 98, 184, 7344, 7952
1424, 59.58, 26, 0, 25, 0, 83, 141, 7348, 7957
1425, 59.62, 27, 0, 26, 0, 93, 139, 7352, 7962
1426, 59.66, 28, 0, 27, 0, 192, 100, 7360, 7967
1427, 59.71, 28, 0, 26, 0, 235, 52, 7369, 7969
1428, 59.75000000000001, 27, 0, 26, 0, 163, 81, 7376, 7972
1429, 59.79, 26, 0, 25, 0, 152, 85, 7382, 7976
1430, 59.83000000000001, 26, 0, 25, 0, 142, 86, 7388, 7979
1431, 59.86000000000001, 25, 0, 24, 0, 124, 156, 7392, 7985
1432, 59.91, 26, 0, 23, 0, 153, 149, 7399, 7991
1433, 59.95000000000001, 25, 0, 23, 0, 189, 75, 7407, 7994
1434, 59.99000000000001, 25, 0, 23, 0, 156, 46, 7414, 7996
1435, 60.03, 23, 0, 22, 0, 163, 114, 7420, 8001
1436, 60.07000000000001, 22, 0, 23, 0, 168, 120, 7427, 8006
1437, 60.11, 22, 0, 23, 0, 176, 89, 7434, 8009
1438, 60.15000000000001, 22, 0, 23, 0, 118, 166, 7438, 8016
1439, 60.21000000000001, 22, 0, 23, 0, 86, 248, 7438, 8027
1440, 60.24000000000001, 22, 0, 23, 0, 23, 216, 7438, 8037
1441, 60.28, 23, 0, 22, 0, 22, 228, 7440, 8044
1442, 60.32, 23, 0, 21, 0, 93, 193, 7444, 8052
1443, 60.36, 23, 0, 21, 0, 162, 140, 7450, 8057
1444, 60.4, 23, 0, 22, 0, 196, 47, 7460, 8058
1445, 60.44, 24, 0, 22, 0, 161, 41, 7467, 8061
1446, 60.48, 25, 0, 23, 0, 153, 119, 7471, 8066
1447, 60.53000000000001, 25, 0, 24, 0, 116, 141, 7478, 8072
1448, 60.57, 27, 0, 25, 0, 184, 73, 7485, 8076
1449, 60.61, 26, 0, 25, 0, 191, 53, 7491, 8078
1450, 60.65, 26, 0, 25, 0, 98, 150, 7496, 8084
1451, 60.69, 26, 0, 25, 0, 106, 176, 7500, 8091
1452, 60.73, 26, 0, 25, 0, 137, 136, 7506, 8096
1453, 60.77000000000001, 26, 0, 25, 0, 77, 135, 7508, 8102
1454, 60.81, 26, 0, 24, 0, 83, 182, 7512, 8109
1455, 60.85000000000001, 26, 0, 23, 0, 73, 169, 7516, 8117
1456, 60.89, 26, 0, 23, 0, 178, 134, 7524, 8124
1457, 60.94, 25, 0, 22, 0, 227, 91, 7535, 8126
1458, 61.00000000000001, 22, 0, 21, 0, 238, -20, 7545, 8125
1459, 61.03000000000001, 20, 0, 21, 0, 212, 64, 7554, 8130
1460, 61.08000000000001, 21, 0, 21, 0, 121, 170, 7558, 8136
1461, 61.12, 21, 0, 21, 0, 43, 163, 7560, 8144
1462, 61.16, 21, 0, 20, 0, 137, 127, 7566, 8150
1463, 61.21, 22, 0, 21, 0, 128, 122, 7572, 8156
1464, 61.27000000000001, 22, 0, 21, 0, 190, 82, 7582, 8160
1465, 61.32000000000001, 23, 0, 21, 0, 253, 16, 7596, 8160
1466, 61.37, 23, 0, 21, 0, 135, 81, 7602, 8165
1467, 61.40000000000001, 23, 0, 21, 0, 70, 196, 7605, 8172
1468, 61.44, 24, 0, 21, 0, 166, 147, 7612, 8176
1469, 61.49000000000001, 26, 0, 22, 0, 268, 25, 7623, 8176
1470, 61.53, 26, 0, 22, 0, 225, 25, 7632, 8177
1471, 61.56000000000001, 26, 0, 22, 0, 237, 15, 7640, 8177
1472, 61.59000000000001, 26, 0, 22, 0, 263, 7, 7649, 8177
1473, 61.63, 26, 0, 22, 0, 253, 3, 7659, 8177
1474, 61.67000000000001, 25, 0, 22, 0, 247, 7, 7669, 8178
1475, 61.72000000000001, 24, 0, 22, 0, 255, 13, 7681, 8178
1476, 61.75000000000001, 23, 0, 22, 0, 238, 18, 7690, 8179
1477, 61.8, 20, 8, 22, 0, 167, 71, 7697, 8184
1478, 61.84000000000001, 18, 16, 22, 0, 80, 192, 7700, 8191
1479, 61.88000000000001, 18, 16, 22, 0, 69, 226, 7700, 8200
1480, 61.92, 19, 16, 22, 0, 22, 281, 7700, 8209
1481, 61.95, 21, 13, 22, 0, 0, 321, 7699, 8222
1482, 61.99000000000001, 22, 7, 22, 0, -96, 274, 7698, 8233
1483, 62.03, 28, 2, 22, 0, 42, 189, 7702, 8240
1484, 62.07000000000001, 30, 0, 23, 0, 181, 72, 7711, 8243
1485, 62.13000000000001, 27, 0, 23, 0, 222, 22, 7721, 8243
1486, 62.17000000000001, 24, 5, 23, 0, 286, 5, 7733, 8243
1487, 62.21, 18, 13, 23, 0, 245, 15, 7744, 8244
1488, 62.25000000000001, 15, 24, 23, 0, 210, 46, 7751, 8246
1489, 62.3, 12, 30, 23, 0, 144, 80, 7759, 8252
1490, 62.34000000000001, 10, 31, 23, 0, 51, 189, 7761, 8260
1491, 62.38, 10, 31, 23, 0, 51, 260, 7761, 8270
1492, 62.42000000000001, 11, 30, 22, 0, 6, 325, 7760, 8283
1493, 62.46, 12, 25, 22, 0, -95, 398, 7756, 8298
1494, 62.5, 15, 16, 22, 0, -181, 442, 7748, 8320
1495, 62.55, 19, 4, 21, 0, -146, 416, 7742, 8337
1496, 62.60000000000001, 25, 0, 22, 0, -73, 287, 7740, 8349
1497, 62.63000000000001, 27, 0, 22, 0, -15, 223, 7741, 8357
1498, 62.67, 30, 0, 22, 0, 25, 175, 7743, 8364
1499, 62.7, 30, 0, 22, 0, 122, 121, 7748, 8368
1500, 62.74000000000001, 30, 0, 22, 0, 196, 59, 7756, 8370
1501, 62.78, 30, 0, 22, 0, 247, 19, 7766, 8369
1502, 62.82, 28, 0, 22, 0, 324, -18, 7778, 8368
1503, 62.86, 26, 0, 22, 0, 381, -57, 7793, 8366
1504, 62.9, 25, 0, 22, 0, 271, -83, 7806, 8364
1505, 62.95000000000001, 20, 0, 23, 0, 150, 52, 7814, 8368
1506, 63.00000000000001, 17, 0, 24, 0, 78, 167, 7817, 8376
1507, 63.04, 15, 0, 23, 0, 67, 200, 7818, 8384
1508, 63.08, 13, 0, 23, 0, 23, 282, 7818, 8394
1509, 63.12, 11, 0, 22, 0, -52, 356, 7816, 8407
1510, 63.16, 8, 0, 21, 0, -153, 438, 7808, 8426
1511, 63.2, 6, 0, 21, 0, -180, 511, 7801, 8448
1512, 63.24000000000001, 6, 0, 21, 0, -273, 556, 7791, 8468
1513, 63.28, 6, 0, 20, 0, -399, 565, 7776, 8491
1514, 63.33, 7, 0, 19, 0, -383, 469, 7755, 8517
1515, 63.38000000000001, 17, 0, 18, 0, -249, 403, 7743, 8536
1516, 63.42000000000001, 29, 0, 18, 0, -147, 371, 7737, 8550
1517, 63.46, 31, 0, 19, 0, -124, 333, 7732, 8565
1518, 63.50000000000001, 30, 0, 19, 0, -75, 261, 7730, 8576
1519, 63.54, 30, 0, 20, 0, -22, 161, 7731, 8582
1520, 63.59000000000001, 29, 0, 20, 0, 49, 125, 7733, 8588
1521, 63.63, 29, 0, 21, 0, 144, 76, 7739, 8590
1522, 63.67000000000001, 28, 0, 21, 0, 202, 16, 7748, 8589
1523, 63.72, 22, 0, 22, 0, 280, -63, 7761, 8586
1524, 63.76, 16, 9, 22, 0, 320, -82, 7774, 8583
1525, 63.8, 7, 27, 22, 0, 297, -67, 7783, 8582
1526, 63.83, 3, 39, 22, 0, 152, 7, 7790, 8584
1527, 63.87, 2, 43, 22, 0, 66, 113, 7792, 8588
1528, 63.91, 2, 43, 22, 0, 51, 175, 7792, 8594
1529, 63.95, 2, 44, 22, 0, 19, 215, 7792, 8604
1530, 63.99000000000001, 2, 47, 22, 0, -13, 289, 7790, 8614
1531, 64.03, 2, 49, 23, 0, -161, 400, 7784, 8631
1532, 64.07, 2, 51, 23, 0, -233, 453, 7775, 8649
1533, 64.12000000000001, 2, 50, 24, 0, -262, 393, 7762, 8668
1534, 64.16, 3, 47, 25, 0, -377, 352, 7747, 8684
1535, 64.20000000000001, 6, 43, 25, 0, -441, 370, 7729, 8698
1536, 64.23999999999999, 11, 34, 25, 0, -398, 417, 7714, 8714
1537, 64.29000000000001, 18, 16, 24, 0, -328, 489, 7700, 8734
1538, 64.31999999999999, 22, 0, 23, 0, -304, 538, 7688, 8757
1539, 64.36, 30, 0, 22, 0, -255, 469, 7678, 8774
1540, 64.40000000000001, 30, 0, 21, 0, -177, 362, 7671, 8788
1541, 64.44, 31, 0, 20, 0, -98, 222, 7667, 8798
1542, 64.49, 31, 0, 20, 0, -65, 193, 7665, 8808
1543, 64.53, 31, 0, 21, 0, 0, 162, 7666, 8816
1544, 64.58, 32, 0, 21, 0, 52, 132, 7669, 8819
1545, 64.62000000000001, 31, 0, 21, 0, 188, 51, 7676, 8819
1546, 64.66, 32, 0, 21, 0, 223, 15, 7686, 8819
1547, 64.71, 30, 0, 21, 0, 281, -42, 7699, 8814
1548, 64.75000000000001, 28, 0, 21, 0, 332, -184, 7710, 8808
1549, 64.79000000000001, 27, 0, 21, 0, 312, -87, 7723, 8804
1550, 64.83000000000001, 27, 0, 21, 0, 315, -89, 7735, 8800
1551, 64.86000000000001, 27, 0, 21, 0, 305, -154, 7748, 8794
1552, 64.91, 25, 2, 21, 0, 284, -95, 7764, 8788
1553, 64.96, 21, 21, 21, 0, 186, -58, 7773, 8788
1554, 65.01000000000001, 15, 37, 21, 0, 99, 30, 7777, 8790
1555, 65.05, 13, 44, 20, 0, 62, 98, 7780, 8794
1556, 65.1, 12, 44, 20, 0, 55, 161, 7780, 8800
1557, 65.13, 12, 46, 20, 0, -30, 245, 7778, 8810
1558, 65.17, 12, 47, 20, 0, -51, 356, 7776, 8824
1559, 65.21, 12, 47, 20, 0, -121, 416, 7771, 8840
1560, 65.25, 13, 45, 20, 0, -142, 410, 7765, 8857
1561, 65.3, 15, 41, 20, 0, -106, 371, 7760, 8875
1562, 65.35, 16, 36, 20, 0, -124, 364, 7754, 8892
1563, 65.39000000000001, 17, 35, 19, 0, -80, 328, 7750, 8905
1564, 65.43000000000001, 17, 31, 19, 0, -16, 257, 7751, 8917
1565, 65.48000000000001, 18, 31, 20, 0, -12, 233, 7750, 8927
1566, 65.52, 18, 31, 20, 0, 0, 226, 7751, 8936
1567, 65.56999999999999, 18, 31, 20, 0, 3, 266, 7751, 8947
1568, 65.6, 18, 30, 20, 0, 3, 279, 7751, 8958
1569, 65.64, 18, 31, 21, 0, 59, 192, 7754, 8968
1570, 65.69, 19, 31, 21, 0, 65, 174, 7756, 8974
1571, 65.73, 18, 30, 21, 0, 51, 208, 7758, 8984
1572, 65.77, 18, 31, 21, 0, 20, 262, 7758, 8995
1573, 65.81, 19, 30, 22, 0, 20, 296, 7758, 9008
1574, 65.86, 19, 29, 22, 0, -24, 314, 7756, 9020
1575, 65.90000000000001, 18, 27, 22, 0, -46, 307, 7754, 9032
1576, 65.93000000000001, 18, 25, 22, 0, -43, 285, 7754, 9043
1577, 65.97, 19, 24, 23, 0, -20, 302, 7754, 9054
1578, 66.02, 19, 23, 23, 0, -60, 349, 7750, 9069
1579, 66.06000000000001, 19, 20, 24, 0, -63, 315, 7748, 9083
1580, 66.09999999999999, 20, 14, 24, 0, -30, 308, 7746, 9096
1581, 66.14000000000001, 21, 3, 25, 0, -86, 351, 7742, 9111
1582, 66.19, 22, 0, 25, 0, -85, 349, 7739, 9124
1583, 66.23000000000001, 22, 0, 26, 0, -74, 243, 7739, 9134
1584, 66.26000000000001, 22, 0, 27, 0, -29, 289, 7738, 9145
1585, 66.3, 21, 0, 28, 0, -149, 398, 7732, 9160
1586, 66.34, 20, 0, 29, 0, -187, 457, 7725, 9178
1587, 66.38, 20, 0, 29, 0, -185, 442, 7717, 9196
1588, 66.42, 19, 20, 26, 0, -231, 491, 7708, 9217
1589, 66.46, 19, 31, 19, 0, -250, 523, 7698, 9237
1590, 66.5, 19, 38, 11, 0, -165, 433, 7691, 9260
1591, 66.55, 19, 44, 4, 0, -66, 349, 7688, 9273
1592, 66.59000000000001, 19, 48, 2, 0, -48, 248, 7687, 9283
1593, 66.63, 20, 48, 2, 0, 19, 183, 7688, 9290
1594, 66.68000000000001, 19, 48, 3, 0, 138, 128, 7694, 9296
1595, 66.72000000000001, 19, 49, 5, 0, 152, 71, 7701, 9300
1596, 66.76000000000001, 19, 47, 6, 0, 239, 57, 7711, 9300
1597, 66.81000000000001, 19, 48, 6, 0, 319, -21, 7725, 9298
1598, 66.85, 19, 48, 7, 0, 427, -156, 7742, 9292
1599, 66.89, 19, 47, 8, 0, 518, -181, 7764, 9284
1600, 66.93000000000001, 19, 48, 7, 0, 452, -197, 7787, 9274
1601, 66.99, 19, 47, 4, 0, 468, -246, 7812, 9261
1602, 67.04000000000001, 18, 47, 3, 0, 556, -313, 7838, 9246
1603, 67.08, 18, 47, 3, 0, 467, -387, 7856, 9231
1604, 67.12000000000001, 18, 47, 3, 0, 311, -433, 7870, 9212
1605, 67.17000000000001, 17, 47, 3, 0, 363, -395, 7886, 9195
1606, 67.21, 17, 46, 6, 0, 434, -362, 7902, 9180
1607, 67.26000000000001, 16, 41, 13, 0, 425, -391, 7923, 9162
1608, 67.31000000000001, 16, 30, 20, 0, 316, -351, 7944, 9140
1609, 67.37000000000001, 16, 14, 26, 0, 219, -249, 7955, 9126
1610, 67.41, 17, 5, 29, 0, 156, -122, 7963, 9120
1611, 67.46, 18, 0, 30, 0, 85, -63, 7968, 9117
1612, 67.51000000000001, 18, 0, 30, 0, 48, -47, 7968, 9116
1613, 67.56, 18, 0, 30, 0, -59, 81, 7965, 9120
1614, 67.61, 18, 0, 30, 0, -165, 117, 7958, 9125
1615, 67.66, 19, 0, 29, 0, -189, 198, 7948, 9135
1616, 67.71, 19, 2, 28, 0, -195, 349, 7938, 9152
1617, 67.77, 18, 11, 26, 0, -217, 415, 7926, 9175
1618, 67.81000000000001, 18, 20, 23, 0, -280, 446, 7914, 9195
1619, 67.86, 17, 32, 17, 0, -177, 389, 7905, 9213
1620, 67.90000000000001, 17, 44, 10, 0, -51, 296, 7903, 9228
1621, 67.95000000000001, 16, 44, 8, 0, 0, 194, 7904, 9238
1622, 68.00000000000001, 16, 43, 7, 0, 69, 93, 7907, 9242
1623, 68.05, 16, 45, 7, 0, 174, 48, 7914, 9244
1624, 68.1, 15, 44, 6, 0, 241, 20, 7928, 9246
1625, 68.16, 15, 43, 6, 0, 335, -36, 7945, 9242
1626, 68.2, 15, 40, 8, 0, 437, -205, 7964, 9233
1627, 68.25, 15, 36, 9, 0, 451, -159, 7986, 9225
1628, 68.3, 15, 24, 14, 0, 333, -99, 8005, 9220
1629, 68.35, 15, 13, 15, 0, 301, -79, 8018, 9216
1630, 68.39, 15, 8, 15, 0, 277, -17, 8030, 9217
1631, 68.44, 15, 5, 15, 0, 163, 80, 8036, 9220
1632, 68.48000000000001, 15, 0, 15, 0, 111, 108, 8041, 9225
1633, 68.53000000000001, 15, 0, 16, 0, 49, 192, 8044, 9234
1634, 68.56999999999999, 16, 0, 15, 0, 30, 245, 8044, 9244
1635, 68.62000000000001, 16, 0, 14, 0, 49, 193, 8048, 9254
1636, 68.66, 17, 0, 13, 0, 172, 89, 8056, 9258
1637, 68.70000000000001, 18, 0, 13, 0, 207, 59, 8063, 9259
1638, 68.74, 16, 0, 13, 0, 260, 13, 8073, 9258
1639, 68.77, 15, 0, 13, 0, 295, -9, 8085, 9257
1640, 68.82, 13, 0, 13, 0, 244, -7, 8094, 9258
1641, 68.85, 11, 0, 13, 0, 150, 112, 8100, 9263
1642, 68.89, 10, 0, 13, 0, 70, 168, 8103, 9269
1643, 68.93000000000001, 10, 0, 13, 0, 53, 221, 8103, 9278
1644, 68.98000000000001, 10, 0, 14, 0, 6, 313, 8103, 9292
1645, 69.01000000000001, 11, 0, 14, 0, 0, 335, 8103, 9304
1646, 69.05, 13, 0, 16, 0, -7, 309, 8102, 9316
1647, 69.09000000000001, 13, 0, 18, 0, -46, 292, 8100, 9327
1648, 69.13, 15, 0, 21, 0, -105, 320, 8096, 9339
1649, 69.16, 18, 0, 23, 0, -63, 329, 8094, 9352
1650, 69.20999999999999, 20, 0, 25, 0, -63, 326, 8094, 9365
1651, 69.25000000000001, 23, 0, 25, 0, -52, 278, 8091, 9378
1652, 69.3, 24, 0, 23, 0, -106, 275, 8088, 9389
1653, 69.34000000000001, 24, 0, 23, 0, 0, 231, 8090, 9401
1654, 69.38, 23, 0, 22, 0, 100, 156, 8094, 9407
1655, 69.42, 23, 0, 22, 0, 112, 85, 8098, 9410
1656, 69.46, 23, 0, 22, 0, 126, 109, 8103, 9415
1657, 69.5, 22, 0, 21, 0, 129, 127, 8108, 9420
1658, 69.54000000000001, 22, 0, 21, 0, 161, 134, 8115, 9426
1659, 69.59000000000001, 22, 0, 21, 0, 176, 89, 8123, 9430
1660, 69.63, 22, 0, 20, 0, 133, 110, 8128, 9435
1661, 69.67000000000001, 22, 0, 20, 0, 124, 127, 8133, 9439
1662, 69.70000000000001, 22, 0, 20, 0, 170, 79, 8140, 9442
1663, 69.74, 22, 0, 20, 0, 225, 65, 8149, 9444
1664, 69.79000000000001, 22, 0, 20, 0, 221, 43, 8160, 9447
1665, 69.84000000000001, 23, 0, 21, 0, 198, 66, 8169, 9450
1666, 69.88, 22, 0, 21, 0, 213, 41, 8178, 9451
1667, 69.92000000000001, 22, 0, 21, 0, 190, 46, 8186, 9453
1668, 69.96, 22, 0, 21, 0, 140, 121, 8190, 9458
1669, 70.0, 21, 0, 21, 0, 113, 159, 8196, 9465
1670, 70.05, 22, 0, 21, 0, 111, 164, 8200, 9472
1671, 70.08, 23, 0, 21, 0, 58, 176, 8202, 9479
1672, 70.12, 22, 0, 21, 0, 93, 134, 8207, 9485
1673, 70.17, 22, 0, 21, 0, 174, 95, 8214, 9489
1674, 70.21, 22, 0, 21, 0, 153, 121, 8219, 9494
1675, 70.24, 22, 0, 21, 0, 117, 144, 8224, 9499
1676, 70.29000000000001, 22, 0, 21, 0, 134, 136, 8229, 9504
1677, 70.33, 22, 0, 21, 0, 124, 127, 8234, 9510
1678, 70.37000000000001, 22, 0, 22, 0, 110, 132, 8239, 9516
1679, 70.41, 22, 0, 21, 0, 131, 133, 8244, 9521
1680, 70.45000000000001, 22, 0, 22, 0, 142, 119, 8250, 9526
1681, 70.48999999999999, 22, 0, 22, 0, 132, 141, 8256, 9532
1682, 70.53000000000001, 21, 0, 22, 0, 69, 179, 8260, 9541
1683, 70.58, 22, 0, 22, 0, 41, 186, 8262, 9549
1684, 70.62000000000001, 22, 0, 22, 0, 90, 158, 8264, 9554
1685, 70.66, 22, 0, 22, 0, 109, 159, 8269, 9561
1686, 70.7, 23, 0, 21, 0, 106, 186, 8274, 9568
1687, 70.74, 23, 0, 22, 0, 104, 151, 8278, 9575
1688, 70.78, 23, 0, 22, 0, 133, 119, 8283, 9580
1689, 70.82, 23, 0, 22, 0, 124, 126, 8288, 9584
1690, 70.86, 23, 0, 22, 0, 133, 114, 8293, 9589
1691, 70.90000000000001, 23, 0, 22, 0, 135, 129, 8298, 9594
1692, 70.95000000000001, 22, 0, 22, 0, 131, 139, 8304, 9600
1693, 70.98000000000001, 23, 0, 22, 0, 123, 123, 8310, 9605
1694, 71.03000000000001, 23, 0, 22, 0, 123, 146, 8314, 9611
1695, 71.06999999999999, 23, 0, 22, 0, 71, 185, 8318, 9620
1696, 71.11000000000001, 23, 0, 22, 0, 71, 196, 8320, 9627
1697, 71.15000000000001, 23, 0, 22, 0, 104, 151, 8325, 9633
1698, 71.19, 23, 0, 22, 0, 149, 106, 8330, 9637
1699, 71.23000000000001, 23, 0, 22, 0, 154, 109, 8336, 9641
1700, 71.26000000000001, 23, 0, 22, 0, 146, 118, 8342, 9646
1701, 71.3, 23, 0, 22, 0, 174, 86, 8349, 9649
1702, 71.35, 23, 0, 22, 0, 95, 178, 8354, 9656
1703, 71.38, 23, 0, 22, 0, 54, 215, 8355, 9664
1704, 71.42, 23, 0, 22, 0, 43, 192, 8358, 9670
1705, 71.46, 23, 0, 22, 0, 177, 136, 8364, 9675
1706, 71.5, 23, 0, 22, 0, 165, 95, 8370, 9679
1707, 71.54000000000001, 23, 0, 22, 0, 126, 133, 8375, 9684
1708, 71.58, 24, 0, 22, 0, 119, 122, 8380, 9690
1709, 71.61, 24, 0, 22, 0, 138, 112, 8386, 9693
1710, 71.65000000000001, 23, 0, 22, 0, 162, 88, 8392, 9696
1711, 71.69, 24, 0, 22, 0, 147, 130, 8397, 9701
1712, 71.73000000000001, 23, 0, 22, 0, 137, 134, 8404, 9707
1713, 71.77, 23, 0, 22, 0, 170, 77, 8411, 9710
1714, 71.81999999999999, 24, 0, 22, 0, 166, 92, 8417, 9714
1715, 71.85, 24, 0, 22, 0, 162, 111, 8422, 9718
1716, 71.89, 23, 0, 22, 0, 155, 110, 8429, 9722
1717, 71.93000000000001, 23, 0, 22, 0, 187, 78, 8436, 9725
1718, 71.97, 24, 0, 22, 0, 167, 91, 8442, 9729
1719, 72.0, 24, 0, 22, 0, 168, 91, 8449, 9732
1720, 72.04000000000001, 23, 0, 22, 0, 180, 103, 8456, 9736
1721, 72.08, 23, 0, 22, 0, 172, 78, 8462, 9739
1722, 72.12000000000001, 23, 0, 22, 0, 148, 88, 8468, 9743
1723, 72.16, 23, 0, 22, 0, 125, 134, 8473, 9749
1724, 72.20000000000001, 24, 0, 22, 0, 131, 124, 8479, 9754
1725, 72.25000000000001, 23, 0, 22, 0, 157, 117, 8485, 9758
1726, 72.28000000000001, 24, 0, 22, 0, 189, 76, 8492, 9761
1727, 72.31999999999999, 24, 0, 22, 0, 209, 68, 8501, 9764
1728, 72.36000000000001, 23, 0, 22, 0, 206, 71, 8509, 9767
1729, 72.40000000000001, 23, 0, 22, 0, 169, 76, 8515, 9770
1730, 72.44, 23, 0, 22, 0, 92, 138, 8518, 9775
1731, 72.48000000000001, 22, 0, 22, 0, 103, 158, 8522, 9781
1732, 72.52, 23, 0, 22, 0, 122, 143, 8527, 9786
1733, 72.56, 23, 0, 22, 0, 98, 175, 8532, 9794
1734, 72.6, 23, 0, 22, 0, 109, 128, 8536, 9799
1735, 72.63, 23, 0, 22, 0, 200, 60, 8544, 9801
1736, 72.67, 23, 0, 22, 0, 197, 75, 8552, 9804
1737, 72.72, 22, 0, 22, 0, 171, 88, 8558, 9807
1738, 72.75, 22, 0, 22, 0, 145, 104, 8564, 9812
1739, 72.79000000000001, 22, 0, 22, 0, 81, 195, 8567, 9819
1740, 72.83, 22, 0, 22, 0, 81, 295, 8566, 9831
1741, 72.87000000000001, 22, 0, 22, 0, 7, 324, 8567, 9842
1742, 72.91, 23, 0, 22, 0, 4, 243, 8567, 9850
1743, 72.95000000000001, 25, 0, 22, 0, 51, 88, 8572, 9856
1744, 72.98000000000001, 25, 0, 22, 0, 202, 53, 8578, 9857
1745, 73.02, 24, 0, 22, 0, 248, 43, 8588, 9858
1746, 73.06999999999999, 23, 0, 22, 0, 185, 25, 8596, 9860
1747, 73.11, 22, 0, 22, 0, 141, 137, 8602, 9865
1748, 73.14, 22, 0, 22, 0, 142, 136, 8607, 9870
1749, 73.18000000000001, 22, 0, 22, 0, 98, 138, 8610, 9875
1750, 73.21, 22, 0, 22, 0, 82, 182, 8614, 9883
1751, 73.26000000000001, 22, 0, 22, 0, 71, 187, 8616, 9890
1752, 73.29000000000001, 22, 0, 22, 0, 92, 160, 8620, 9896
1753, 73.33, 22, 0, 22, 0, 100, 174, 8624, 9902
1754, 73.37000000000001, 22, 0, 22, 0, 101, 163, 8628, 9909
1755, 73.41, 22, 0, 22, 0, 134, 121, 8633, 9913
1756, 73.45000000000001, 22, 0, 22, 0, 123, 151, 8638, 9920
1757, 73.49, 22, 0, 22, 0, 56, 202, 8640, 9927
1758, 73.53000000000001, 22, 0, 23, 0, 35, 236, 8641, 9937
1759, 73.56999999999999, 22, 0, 23, 0, 52, 210, 8644, 9945
1760, 73.61000000000001, 23, 0, 24, 0, 64, 201, 8646, 9953
1761, 73.65000000000001, 24, 0, 24, 0, 52, 219, 8648, 9961
1762, 73.69, 24, 0, 24, 0, 47, 209, 8650, 9969
1763, 73.73000000000001, 24, 0, 25, 0, 53, 206, 8652, 9979
1764, 73.77, 24, 0, 25, 0, 44, 227, 8653, 9987
1765, 73.81, 24, 0, 25, 0, 12, 282, 8653, 9998
1766, 73.85, 24, 0, 25, 0, 10, 274, 8653, 10010
1767, 73.89, 24, 5, 24, 0, 4, 249, 8653, 10020
1768, 73.93000000000001, 24, 15, 22, 0, 3, 228, 8654, 10028
1769, 73.97, 24, 21, 21, 0, 97, 163, 8657, 10034
1770, 74.01000000000001, 24, 26, 20, 0, 202, 66, 8665, 10037
1771, 74.04000000000001, 24, 28, 19, 0, 267, 66, 8674, 10037
1772, 74.08, 24, 28, 20, 0, 290, 0, 8685, 10036
1773, 74.12000000000001, 23, 21, 21, 0, 311, 0, 8700, 10036
1774, 74.17000000000001, 24, 16, 22, 0, 263, -3, 8710, 10037
1775, 74.20999999999999, 24, 13, 22, 0, 149, 26, 8716, 10038
1776, 74.25000000000001, 24, 11, 22, 0, 88, 114, 8719, 10044
1777, 74.29000000000001, 25, 14, 21, 0, 133, 129, 8726, 10049
1778, 74.33, 24, 19, 20, 0, 227, 89, 8735, 10052
1779, 74.37000000000001, 24, 17, 20, 0, 281, 66, 8746, 10052
1780, 74.41, 24, 13, 21, 0, 307, -12, 8757, 10051
1781, 74.45, 24, 5, 22, 0, 252, -25, 8768, 10051
1782, 74.5, 24, 0, 23, 0, 136, 89, 8774, 10055
1783, 74.54000000000001, 23, 0, 22, 0, 97, 156, 8779, 10062
1784, 74.58, 24, 0, 21, 0, 146, 142, 8784, 10067
1785, 74.62000000000001, 24, 0, 21, 0, 208, 70, 8793, 10070
1786, 74.67000000000001, 24, 0, 22, 0, 211, 55, 8802, 10072
1787, 74.70000000000001, 24, 0, 22, 0, 226, 40, 8810, 10073
1788, 74.74, 24, 0, 22, 0, 211, 54, 8818, 10076
1789, 74.78000000000001, 24, 0, 22, 0, 142, 93, 8824, 10079
1790, 74.81999999999999, 24, 0, 22, 0, 142, 118, 8828, 10083
1791, 74.86000000000001, 24, 0, 22, 0, 161, 99, 8834, 10087
1792, 74.89000000000001, 24, 0, 22, 0, 178, 81, 8842, 10090
1793, 74.93000000000001, 24, 0, 22, 0, 182, 81, 8850, 10094
1794, 74.98000000000001, 24, 0, 22, 0, 185, 98, 8856, 10098
1795, 75.01000000000001, 24, 0, 22, 0, 172, 101, 8862, 10101
1796, 75.04000000000001, 24, 0, 22, 0, 149, 93, 8868, 10104
1797, 75.09, 24, 0, 22, 0, 166, 91, 8874, 10108
1798, 75.12, 23, 0, 22, 0, 172, 84, 8882, 10111
1799, 75.17, 22, 0, 22, 0, 157, 108, 8888, 10116
1800, 75.21, 22, 0, 22, 0, 89, 197, 8890, 10124
1801, 75.25, 22, 0, 22, 0, 36, 220, 8891, 10134
1802, 75.3, 23, 0, 22, 0, 77, 171, 8894, 10141
1803, 75.34000000000001, 23, 0, 22, 0, 147, 129, 8902, 10147
1804, 75.38, 22, 0, 22, 0, 210, 91, 8910, 10151
1805, 75.42000000000001, 22, 0, 22, 0, 237, 45, 8920, 10151
1806, 75.45999999999999, 22, 0, 23, 0, 183, 25, 8926, 10153
1807, 75.50000000000001, 22, 4, 23, 0, 119, 191, 8929, 10161
1808, 75.53000000000001, 22, 6, 23, 0, 34, 298, 8929, 10172
1809, 75.56999999999999, 24, 1, 23, 0, 30, 255, 8930, 10181
1810, 75.61, 27, 0, 24, 0, 41, 160, 8932, 10189
1811, 75.66, 30, 0, 24, 0, 172, 96, 8940, 10193
1812, 75.7, 30, 0, 25, 0, 264, 57, 8950, 10194
1813, 75.74, 29, 0, 25, 0, 304, 0, 8962, 10193
1814, 75.78, 22, 12, 26, 0, 325, -38, 8974, 10192
1815, 75.82, 17, 29, 26, 0, 257, 0, 8985, 10192
1816, 75.86, 12, 41, 26, 0, 144, 96, 8992, 10196
1817, 75.90000000000001, 11, 48, 27, 0, 71, 152, 8994, 10202
1818, 75.95000000000001, 11, 50, 27, 0, 58, 258, 8994, 10213
1819, 75.99, 12, 52, 28, 0, 20, 339, 8994, 10227
1820, 76.03000000000001, 15, 59, 28, 0, -7, 385, 8992, 10241
1821, 76.06999999999999, 22, 60, 30, 0, -207, 454, 8984, 10258
1822, 76.12000000000001, 33, 49, 32, 0, -195, 460, 8974, 10282
1823, 76.16, 44, 19, 34, 0, -86, 357, 8970, 10302
1824, 76.20000000000001, 45, 4, 36, 0, -42, 277, 8969, 10310
1825, 76.24, 45, 0, 36, 0, -12, 187, 8970, 10318
1826, 76.28, 44, 0, 36, 0, 10, 141, 8972, 10323
1827, 76.32, 44, 0, 36, 0, 91, 99, 8976, 10327
1828, 76.36, 44, 0, 37, 0, 153, 156, 8982, 10334
1829, 76.41, 44, 0, 38, 0, 180, 93, 8991, 10339
1830, 76.45, 45, 0, 39, 0, 275, 0, 9002, 10339
1831, 76.49, 45, 3, 39, 0, 286, -24, 9013, 10338
1832, 76.53, 47, 7, 40, 0, 216, 6, 9021, 10339
1833, 76.58, 48, 17, 41, 0, 238, 57, 9034, 10340
1834, 76.62000000000001, 48, 19, 43, 0, 217, 17, 9043, 10341
1835, 76.66, 49, 23, 44, 0, 223, 35, 9052, 10342
1836, 76.70000000000001, 50, 25, 44, 0, 326, 0, 9066, 10341
1837, 76.73999999999999, 48, 35, 45, 0, 346, -38, 9079, 10339
1838, 76.79000000000001, 46, 42, 45, 0, 309, -58, 9092, 10336
1839, 76.83, 39, 57, 44, 0, 234, 0, 9103, 10338
1840, 76.87000000000001, 35, 65, 43, 0, 159, 99, 9110, 10342
1841, 76.92, 29, 77, 41, 0, 82, 135, 9112, 10348
1842, 76.97, 28, 77, 38, 0, 23, 290, 9112, 10364
1843, 77.02, 29, 69, 36, 0, 0, 371, 9111, 10378
1844, 77.06, 30, 66, 33, 0, -99, 372, 9107, 10396
1845, 77.11, 30, 55, 29, 0, -69, 266, 9106, 10408
1846, 77.15000000000001, 32, 45, 27, 0, 60, 160, 9108, 10416
1847, 77.19, 32, 38, 26, 0, 125, 121, 9114, 10421
1848, 77.23000000000001, 30, 39, 26, 0, 192, 62, 9121, 10422
1849, 77.28000000000001, 28, 41, 25, 0, 252, 21, 9131, 10422
1850, 77.31000000000001, 26, 44, 25, 0, 190, 82, 9138, 10426
1851, 77.37000000000001, 24, 57, 24, 0, 49, 249, 9141, 10442
1852, 77.42000000000001, 24, 57, 23, 0, 0, 257, 9141, 10453
1853, 77.47, 26, 51, 23, 0, -5, 251, 9142, 10466
1854, 77.51000000000001, 26, 47, 23, 0, 89, 195, 9146, 10473
1855, 77.55, 25, 44, 23, 0, 196, 70, 9153, 10474
1856, 77.6, 24, 49, 23, 0, 229, 27, 9165, 10474
1857, 77.65000000000001, 23, 52, 22, 0, 179, 97, 9174, 10479
1858, 77.69, 23, 53, 22, 0, 75, 230, 9178, 10489
1859, 77.73000000000001, 22, 56, 22, 0, 36, 198, 9178, 10496
1860, 77.78, 23, 57, 22, 0, 78, 139, 9183, 10503
1861, 77.82, 23, 58, 22, 0, 90, 203, 9187, 10514
1862, 77.88, 23, 60, 21, 0, 100, 155, 9192, 10522
1863, 77.92000000000001, 23, 65, 22, 0, 178, 61, 9202, 10525
1864, 77.98000000000001, 22, 69, 22, 0, 141, 106, 9209, 10530
1865, 78.03000000000001, 22, 71, 22, 0, 196, 70, 9218, 10534
1866, 78.06999999999999, 22, 73, 21, 0, 151, 78, 9225, 10538
1867, 78.11, 23, 73, 22, 0, 64, 223, 9227, 10547
1868, 78.16, 22, 73, 21, 0, 26, 227, 9228, 10558
1869, 78.2, 23, 83, 21, 0, 44, 151, 9232, 10564
1870, 78.24, 23, 91, 21, 0, 232, 62, 9242, 10566
1871, 78.28, 22, 93, 21, 0, 195, 50, 9249, 10569
1872, 78.32, 22, 91, 21, 0, 127, 126, 9254, 10574
1873, 78.37000000000001, 22, 91, 20, 0, 100, 148, 9258, 10581
1874, 78.41, 22, 94, 20, 0, 161, 99, 9266, 10585
1875, 78.46, 22, 96, 20, 0, 208, 59, 9274, 10588
1876, 78.49, 22, 95, 20, 0, 170, 96, 9281, 10592
1877, 78.53000000000001, 22, 92, 20, 0, 160, 97, 9290, 10597
1878, 78.59000000000001, 22, 91, 20, 0, 165, 82, 9296, 10600
1879, 78.63, 22, 92, 20, 0, 180, 91, 9305, 10604
1880, 78.68000000000001, 22, 89, 20, 0, 179, 96, 9312, 10608
1881, 78.73000000000001, 22, 88, 21, 0, 171, 90, 9321, 10613
1882, 78.77, 22, 86, 21, 0, 163, 90, 9328, 10617
1883, 78.82, 21, 84, 21, 0, 145, 95, 9335, 10622
1884, 78.86, 21, 82, 21, 0, 97, 147, 9338, 10628
1885, 78.90000000000001, 22, 81, 21, 0, 111, 161, 9343, 10634
1886, 78.94, 22, 81, 21, 0, 95, 160, 9347, 10643
1887, 78.99, 22, 82, 20, 0, 128, 139, 9354, 10649
1888, 79.04000000000001, 22, 83, 20, 0, 142, 115, 9359, 10654
1889, 79.08, 21, 81, 20, 0, 63, 197, 9362, 10661
1890, 79.12000000000001, 21, 81, 19, 0, 96, 156, 9366, 10669
1891, 79.16, 21, 85, 20, 0, 161, 105, 9374, 10674
